{
  "recently_viewed": [
    {
      "name": "\u00d8\u00a7\u00d9\u0084\u00d9\u0085\u00d9\u0086\u00d8\u00b4\u00d9\u0088\u00d8\u00b1\u00d8\u00a7\u00d8\u00aa \u00d8\u00a7\u00d9\u0084\u00d8\u00aa\u00d9\u008a \u00d8\u00aa\u00d9\u0085 \u00d8\u00b9\u00d8\u00b1\u00d8\u00b6\u00d9\u0087\u00d8\u00a7 \u00d9\u0084\u00d9\u0083 \u00d9\u0081\u00d9\u008a \u00d8\u00a7\u00d9\u0084\u00d9\u0085\u00d9\u0088\u00d8\u00ac\u00d8\u00b2",
      "description": "\u00d8\u00a7\u00d9\u0084\u00d9\u0085\u00d9\u0086\u00d8\u00b4\u00d9\u0088\u00d8\u00b1\u00d8\u00a7\u00d8\u00aa \u00d8\u00a7\u00d9\u0084\u00d8\u00aa\u00d9\u008a \u00d8\u00aa\u00d9\u0085 \u00d8\u00b9\u00d8\u00b1\u00d8\u00b6\u00d9\u0087\u00d8\u00a7 \u00d9\u0084\u00d9\u0083 \u00d9\u0081\u00d9\u008a \u00d8\u00a7\u00d9\u0084\u00d9\u0085\u00d9\u0088\u00d8\u00ac\u00d8\u00b2 \u00d8\u00ae\u00d9\u0084\u00d8\u00a7\u00d9\u0084 \u00d8\u00a2\u00d8\u00ae\u00d8\u00b1 90 \u00d9\u008a\u00d9\u0088\u00d9\u0085\u00d9\u008b\u00d8\u00a7.",
      "entries": [
        {
          "timestamp": 1669670450,
          "data": {
            "name": "\u00d9\u0085\u00d9\u0086\u00d8\u00b4\u00d9\u0088\u00d8\u00b1 \u00e2\u0080\u008f\u00e2\u0080\u008eMohamed Geme\u00e2\u0080\u008e\u00e2\u0080\u008f \u00e2\u0080\u008f\u00e2\u0080\u008f",
            "uri": "https://www.facebook.com/mohamed.geme.33234/posts/pfbid02UZgFvn7mRoZssgttegkbModVfxL9pJjD9Bh3T1pzbRZuZJxreAfvJyDx3nJ5nqgxl"
          }
        },
        {
          "timestamp": 1669320615,
          "data": {
            "name": "\u00d9\u0085\u00d9\u0086\u00d8\u00b4\u00d9\u0088\u00d8\u00b1 \u00e2\u0080\u008f\u00d8\u00a7\u00d9\u0084\u00d9\u008a\u00d9\u0088\u00d9\u0085 \u00d8\u00a7\u00d9\u0084\u00d8\u00b3\u00d8\u00a7\u00d8\u00a8\u00d8\u00b9\u00e2\u0080\u008f \u00e2\u0080\u008f\u00e2\u0080\u008f",
            "uri": "https://www.facebook.com/Youm7/posts/pfbid0g1tpBPg7NBJoqSBBKS4G2m6j9WpKFHm5XajwXkyNFhZQbVaV8Lt1pEVKvWnxnkA8l"
          }
        },
        {
          "timestamp": 1669254434,
          "data": {
            "name": "\u00d9\u0085\u00d9\u0086\u00d8\u00b4\u00d9\u0088\u00d8\u00b1 \u00e2\u0080\u008f\u00d8\u00a7\u00d9\u0084\u00d9\u008a\u00d9\u0088\u00d9\u0085 \u00d8\u00a7\u00d9\u0084\u00d8\u00b3\u00d8\u00a7\u00d8\u00a8\u00d8\u00b9\u00e2\u0080\u008f \u00e2\u0080\u008f\u00e2\u0080\u008f",
            "uri": "https://www.facebook.com/Youm7/posts/pfbid034FEBY6pJ6uDAC579aDFqw5yMmZuTivxGfYvPj6F318NiVoFws2nLjh4YXyD1ioTPl"
          }
        },
        {
          "timestamp": 1669182005,
          "data": {
            "name": "\u00d9\u0085\u00d9\u0086\u00d8\u00b4\u00d9\u0088\u00d8\u00b1 \u00e2\u0080\u008f\u00e2\u0080\u008eMohamed Geme\u00e2\u0080\u008e\u00e2\u0080\u008f \u00e2\u0080\u008f\u00e2\u0080\u008f",
            "uri": "https://www.facebook.com/mohamed.geme.33234/posts/pfbid02xTxCtg96AiY75cj9tFAiJoYaDf65aFd1vDNc1DRHDtCZhf2LYGhxRjMj98o1W5QMl"
          }
        },
        {
          "timestamp": 1669180074,
          "data": {
            "name": "\u00d9\u0085\u00d9\u0086\u00d8\u00b4\u00d9\u0088\u00d8\u00b1 \u00e2\u0080\u008f\u00e2\u0080\u008eMohamed Geme\u00e2\u0080\u008e\u00e2\u0080\u008f \u00e2\u0080\u008f\u00e2\u0080\u008f",
            "uri": "https://www.facebook.com/mohamed.geme.33234/posts/pfbid02xTxCtg96AiY75cj9tFAiJoYaDf65aFd1vDNc1DRHDtCZhf2LYGhxRjMj98o1W5QMl"
          }
        },
        {
          "timestamp": 1669170772,
          "data": {
            "name": "\u00d9\u0085\u00d9\u0086\u00d8\u00b4\u00d9\u0088\u00d8\u00b1 \u00e2\u0080\u008f\u00e2\u0080\u008eMohamed Geme\u00e2\u0080\u008e\u00e2\u0080\u008f \u00e2\u0080\u008f\u00e2\u0080\u008f",
            "uri": "https://www.facebook.com/mohamed.geme.33234/posts/pfbid02xTxCtg96AiY75cj9tFAiJoYaDf65aFd1vDNc1DRHDtCZhf2LYGhxRjMj98o1W5QMl"
          }
        },
        {
          "timestamp": 1669089459,
          "data": {
            "name": "\u00d9\u0085\u00d9\u0086\u00d8\u00b4\u00d9\u0088\u00d8\u00b1 \u00e2\u0080\u008f\u00d8\u00a7\u00d9\u0084\u00d9\u0085\u00d8\u00b5\u00d8\u00b1\u00d9\u008a \u00d8\u00a7\u00d9\u0084\u00d9\u008a\u00d9\u0088\u00d9\u0085\u00e2\u0080\u008f \u00e2\u0080\u008f\u00e2\u0080\u008f",
            "uri": "https://www.facebook.com/AlmasryAlyoum/posts/pfbid034ebhTUL4mua2HWZGnqBREBAkH7Mre4cYPJ4hNdMTDoaf1tFt7MxUeYwfqm8FT1iKl"
          }
        },
        {
          "timestamp": 1668211121,
          "data": {
            "name": "\u00d9\u0085\u00d9\u0086\u00d8\u00b4\u00d9\u0088\u00d8\u00b1 \u00e2\u0080\u008fElWatan News\\\u00d8\u00ac\u00d8\u00b1\u00d9\u008a\u00d8\u00af\u00d8\u00a9 \u00d8\u00a7\u00d9\u0084\u00d9\u0088\u00d8\u00b7\u00d9\u0086\u00e2\u0080\u008f \u00e2\u0080\u008f\u00e2\u0080\u008f",
            "uri": "https://www.facebook.com/ElWatanNews/posts/pfbid02aYkH3d2RwxTzYA3at2Ytk516LaRcwmyDbozsst1mQgC4myuYWE21BudgEGfV6n89l"
          }
        }
      ]
    },
    {
      "name": "\u00d8\u00a7\u00d9\u0084\u00d8\u00aa\u00d9\u0081\u00d8\u00a7\u00d8\u00b9\u00d9\u0084\u00d8\u00a7\u00d8\u00aa \u00d8\u00b9\u00d9\u0084\u00d9\u0089 Marketplace",
      "description": "\u00d8\u00a3\u00d8\u00ad\u00d8\u00af\u00d8\u00ab \u00d8\u00aa\u00d9\u0081\u00d8\u00a7\u00d8\u00b9\u00d9\u0084\u00d8\u00a7\u00d8\u00aa\u00d9\u0083 \u00d8\u00b9\u00d9\u0084\u00d9\u0089 Marketplace",
      "children": [
        {
          "name": "\u00d8\u00a5\u00d8\u00b6\u00d8\u00a7\u00d9\u0081\u00d8\u00a9 \u00d8\u00b9\u00d9\u0084\u00d8\u00a7\u00d9\u0085\u00d8\u00a9 \u00d8\u00a7\u00d9\u0084\u00d8\u00aa\u00d8\u00a8\u00d9\u0088\u00d9\u008a\u00d8\u00a8 \u00d8\u00b9\u00d9\u0084\u00d9\u0089 Marketplace",
          "description": "\u00d8\u00a7\u00d9\u0084\u00d9\u008a\u00d9\u0088\u00d9\u0085 \u00d8\u00a7\u00d9\u0084\u00d8\u00b0\u00d9\u008a \u00d8\u00aa\u00d9\u0085\u00d8\u00aa \u00d8\u00a5\u00d8\u00b6\u00d8\u00a7\u00d9\u0081\u00d8\u00a9 \u00d8\u00b9\u00d9\u0084\u00d8\u00a7\u00d9\u0085\u00d8\u00a9 \u00d8\u00a7\u00d9\u0084\u00d8\u00aa\u00d8\u00a8\u00d9\u0088\u00d9\u008a\u00d8\u00a8 \u00d9\u0081\u00d9\u008a\u00d9\u0087",
          "entries": [
            {
              "data": {
                "value": ""
              }
            }
          ]
        },
        {
          "name": "\u00d9\u0085\u00d8\u00b1\u00d8\u00a7\u00d8\u00aa \u00d8\u00b9\u00d8\u00b1\u00d8\u00b6 Marketplace \u00d9\u0084\u00d9\u0083",
          "description": "\u00d8\u00aa\u00d9\u0088\u00d8\u00a7\u00d8\u00b1\u00d9\u008a\u00d8\u00ae \u00d8\u00b9\u00d8\u00b1\u00d8\u00b6 \u00d8\u00b9\u00d9\u0084\u00d8\u00a7\u00d9\u0085\u00d8\u00a9 \u00d8\u00a7\u00d9\u0084\u00d8\u00aa\u00d8\u00a8\u00d9\u0088\u00d9\u008a\u00d8\u00a8 Marketplace \u00d8\u00b9\u00d9\u0084\u00d9\u008a\u00d9\u0083 \u00d9\u0081\u00d9\u008a \u00d9\u0081\u00d9\u008a\u00d8\u00b3\u00d8\u00a8\u00d9\u0088\u00d9\u0083",
          "entries": [
            {
              "data": {
                "value": "\u00e2\u0080\u008f\u00d9\u00a0\u00d9\u00a5\u00e2\u0080\u008f/\u00d9\u00a1\u00d9\u00a2\u00e2\u0080\u008f/\u00d9\u00a2\u00d9\u00a0\u00d9\u00a2\u00d9\u00a2\u00e2\u0080\u008f"
              }
            },
            {
              "data": {
                "value": "\u00e2\u0080\u008f\u00d9\u00a0\u00d9\u00a4\u00e2\u0080\u008f/\u00d9\u00a1\u00d9\u00a2\u00e2\u0080\u008f/\u00d9\u00a2\u00d9\u00a0\u00d9\u00a2\u00d9\u00a2\u00e2\u0080\u008f"
              }
            },
            {
              "data": {
                "value": "\u00e2\u0080\u008f\u00d9\u00a0\u00d9\u00a3\u00e2\u0080\u008f/\u00d9\u00a1\u00d9\u00a2\u00e2\u0080\u008f/\u00d9\u00a2\u00d9\u00a0\u00d9\u00a2\u00d9\u00a2\u00e2\u0080\u008f"
              }
            },
            {
              "data": {
                "value": "\u00e2\u0080\u008f\u00d9\u00a0\u00d9\u00a2\u00e2\u0080\u008f/\u00d9\u00a1\u00d9\u00a2\u00e2\u0080\u008f/\u00d9\u00a2\u00d9\u00a0\u00d9\u00a2\u00d9\u00a2\u00e2\u0080\u008f"
              }
            },
            {
              "data": {
                "value": "\u00e2\u0080\u008f\u00d9\u00a3\u00d9\u00a0\u00e2\u0080\u008f/\u00d9\u00a1\u00d9\u00a1\u00e2\u0080\u008f/\u00d9\u00a2\u00d9\u00a0\u00d9\u00a2\u00d9\u00a2\u00e2\u0080\u008f"
              }
            },
            {
              "data": {
                "value": "\u00e2\u0080\u008f\u00d9\u00a2\u00d9\u00a9\u00e2\u0080\u008f/\u00d9\u00a1\u00d9\u00a1\u00e2\u0080\u008f/\u00d9\u00a2\u00d9\u00a0\u00d9\u00a2\u00d9\u00a2\u00e2\u0080\u008f"
              }
            },
            {
              "data": {
                "value": "\u00e2\u0080\u008f\u00d9\u00a2\u00d9\u00a8\u00e2\u0080\u008f/\u00d9\u00a1\u00d9\u00a1\u00e2\u0080\u008f/\u00d9\u00a2\u00d9\u00a0\u00d9\u00a2\u00d9\u00a2\u00e2\u0080\u008f"
              }
            },
            {
              "data": {
                "value": "\u00e2\u0080\u008f\u00d9\u00a2\u00d9\u00a7\u00e2\u0080\u008f/\u00d9\u00a1\u00d9\u00a1\u00e2\u0080\u008f/\u00d9\u00a2\u00d9\u00a0\u00d9\u00a2\u00d9\u00a2\u00e2\u0080\u008f"
              }
            },
            {
              "data": {
                "value": "\u00e2\u0080\u008f\u00d9\u00a2\u00d9\u00a4\u00e2\u0080\u008f/\u00d9\u00a1\u00d9\u00a1\u00e2\u0080\u008f/\u00d9\u00a2\u00d9\u00a0\u00d9\u00a2\u00d9\u00a2\u00e2\u0080\u008f"
              }
            },
            {
              "data": {
                "value": "\u00e2\u0080\u008f\u00d9\u00a2\u00d9\u00a3\u00e2\u0080\u008f/\u00d9\u00a1\u00d9\u00a1\u00e2\u0080\u008f/\u00d9\u00a2\u00d9\u00a0\u00d9\u00a2\u00d9\u00a2\u00e2\u0080\u008f"
              }
            },
            {
              "data": {
                "value": "\u00e2\u0080\u008f\u00d9\u00a2\u00d9\u00a1\u00e2\u0080\u008f/\u00d9\u00a1\u00d9\u00a1\u00e2\u0080\u008f/\u00d9\u00a2\u00d9\u00a0\u00d9\u00a2\u00d9\u00a2\u00e2\u0080\u008f"
              }
            }
          ]
        }
      ]
    },
    {
      "name": "\u00d8\u00a7\u00d9\u0084\u00d8\u00a5\u00d8\u00b9\u00d9\u0084\u00d8\u00a7\u00d9\u0086\u00d8\u00a7\u00d8\u00aa",
      "description": "\u00d8\u00a5\u00d8\u00b9\u00d9\u0084\u00d8\u00a7\u00d9\u0086\u00d8\u00a7\u00d8\u00aa \u00d8\u00b4\u00d8\u00a7\u00d9\u0087\u00d8\u00af\u00d8\u00aa\u00d9\u0087\u00d8\u00a7 \u00d9\u0085\u00d8\u00a4\u00d8\u00ae\u00d8\u00b1\u00d9\u008b\u00d8\u00a7",
      "entries": [
        {
          "timestamp": 1670227273,
          "data": {
            "name": "\u00d8\u00a5\u00d8\u00b9\u00d9\u0084\u00d8\u00a7\u00d9\u0086 \u00d8\u00a8\u00d9\u0088\u00d8\u00a7\u00d8\u00b3\u00d8\u00b7\u00d8\u00a9 \u00e2\u0080\u008f\u00e2\u0080\u008eSemrush\u00e2\u0080\u008e\u00e2\u0080\u008f",
            "uri": "https://www.facebook.com/Semrush/posts/pfbid0sMtHaTxEnzrK4bpdihfXCgF4Krsc5jrxBKNnPUXHv9ceSfRjJGMSXjkMcQoNDVxRl"
          }
        },
        {
          "timestamp": 1670209280,
          "data": {
            "name": "\u00d8\u00a5\u00d8\u00b9\u00d9\u0084\u00d8\u00a7\u00d9\u0086 \u00d8\u00a8\u00d9\u0088\u00d8\u00a7\u00d8\u00b3\u00d8\u00b7\u00d8\u00a9 \u00e2\u0080\u008f\u00e2\u0080\u008eSemrush\u00e2\u0080\u008e\u00e2\u0080\u008f",
            "uri": "https://www.facebook.com/Semrush/posts/pfbid0sMtHaTxEnzrK4bpdihfXCgF4Krsc5jrxBKNnPUXHv9ceSfRjJGMSXjkMcQoNDVxRl"
          }
        },
        {
          "timestamp": 1670206058,
          "data": {
            "name": "\u00d8\u00a5\u00d8\u00b9\u00d9\u0084\u00d8\u00a7\u00d9\u0086 \u00d8\u00a8\u00d9\u0088\u00d8\u00a7\u00d8\u00b3\u00d8\u00b7\u00d8\u00a9 \u00e2\u0080\u008f\u00e2\u0080\u008eWix\u00e2\u0080\u008e\u00e2\u0080\u008f",
            "uri": "https://www.facebook.com/wix/posts/pfbid034FLWvJa52rA9xENxdd3CQ1qcmUarm19GvkjfhtT44N4YKKLA19UT2c8nz7zU1c5zl"
          }
        },
        {
          "timestamp": 1670107687,
          "data": {
            "name": "\u00d8\u00a5\u00d8\u00b9\u00d9\u0084\u00d8\u00a7\u00d9\u0086 \u00d8\u00a8\u00d9\u0088\u00d8\u00a7\u00d8\u00b3\u00d8\u00b7\u00d8\u00a9 \u00e2\u0080\u008f\u00e2\u0080\u008eSemrush\u00e2\u0080\u008e\u00e2\u0080\u008f",
            "uri": "https://www.facebook.com/Semrush/posts/pfbid0sMtHaTxEnzrK4bpdihfXCgF4Krsc5jrxBKNnPUXHv9ceSfRjJGMSXjkMcQoNDVxRl"
          }
        },
        {
          "timestamp": 1670107687,
          "data": {
            "name": "\u00d8\u00a5\u00d8\u00b9\u00d9\u0084\u00d8\u00a7\u00d9\u0086 \u00d8\u00a8\u00d9\u0088\u00d8\u00a7\u00d8\u00b3\u00d8\u00b7\u00d8\u00a9 \u00e2\u0080\u008f\u00e2\u0080\u008eMicrosoft\u00e2\u0080\u008e\u00e2\u0080\u008f",
            "uri": "https://www.facebook.com/MicrosoftAE/posts/pfbid0MVNkmLqZ8tekfMrZqYF3ugiu2ip2bChCFDXoNnduXqKTe3K9Bo84Ay6p1FfpAxBZl"
          }
        },
        {
          "timestamp": 1670107681,
          "data": {
            "name": "\u00d8\u00a5\u00d8\u00b9\u00d9\u0084\u00d8\u00a7\u00d9\u0086 \u00d8\u00a8\u00d9\u0088\u00d8\u00a7\u00d8\u00b3\u00d8\u00b7\u00d8\u00a9 \u00e2\u0080\u008f\u00e2\u0080\u008eWix\u00e2\u0080\u008e\u00e2\u0080\u008f",
            "uri": "https://www.facebook.com/wix/posts/pfbid034FLWvJa52rA9xENxdd3CQ1qcmUarm19GvkjfhtT44N4YKKLA19UT2c8nz7zU1c5zl"
          }
        }
      ]
    }
  ]
}