{
  "visited_things_v2": [
    {
      "name": "\u00d8\u00b2\u00d9\u008a\u00d8\u00a7\u00d8\u00b1\u00d8\u00a7\u00d8\u00aa \u00d8\u00a7\u00d9\u0084\u00d9\u0085\u00d9\u0084\u00d9\u0081 \u00d8\u00a7\u00d9\u0084\u00d8\u00b4\u00d8\u00ae\u00d8\u00b5\u00d9\u008a",
      "description": "\u00d8\u00a3\u00d8\u00b4\u00d8\u00ae\u00d8\u00a7\u00d8\u00b5 \u00d9\u0082\u00d9\u0085\u00d8\u00aa \u00d8\u00a8\u00d8\u00b2\u00d9\u008a\u00d8\u00a7\u00d8\u00b1\u00d8\u00a9 \u00d9\u0085\u00d9\u0084\u00d9\u0081\u00d8\u00a7\u00d8\u00aa\u00d9\u0087\u00d9\u0085 \u00d8\u00a7\u00d9\u0084\u00d8\u00b4\u00d8\u00ae\u00d8\u00b5\u00d9\u008a\u00d8\u00a9",
      "entries": [
        {
          "timestamp": 1670211571,
          "data": {
            "name": "Israt Jahan",
            "uri": "https://www.facebook.com/profile.php?id=100083941174613"
          }
        },
        {
          "timestamp": 1670211571,
          "data": {
            "name": "Roohi Shetani",
            "uri": "https://www.facebook.com/profile.php?id=100046434467793"
          }
        },
        {
          "timestamp": 1670211525,
          "data": {
            "name": "Abir Khan",
            "uri": "https://www.facebook.com/profile.php?id=100083232370365"
          }
        },
        {
          "timestamp": 1670211525,
          "data": {
            "name": "Zoya Khan",
            "uri": "https://www.facebook.com/profile.php?id=100077551156664"
          }
        },
        {
          "timestamp": 1670211501,
          "data": {
            "name": "Ebn Faghr",
            "uri": "https://www.facebook.com/profile.php?id=100081248422893"
          }
        },
        {
          "timestamp": 1670211501,
          "data": {
            "name": "\u00d8\u00a7\u00d9\u0085\u00d9\u008a\u00d8\u00b1\u00d9\u0087 \u00d8\u00a8\u00d8\u00ad\u00d8\u00ac\u00d8\u00a7\u00d8\u00a8\u00d9\u008a",
            "uri": "https://www.facebook.com/profile.php?id=100077665876860"
          }
        },
        {
          "timestamp": 1670211483,
          "data": {
            "name": "\u00d8\u00b3\u00d9\u0085\u00d8\u00a7 \u00d8\u00af\u00d9\u008a \u00d8\u00a7\u00d9\u0086\u00d8\u00a7",
            "uri": "https://www.facebook.com/profile.php?id=100073602965960"
          }
        },
        {
          "timestamp": 1670211473,
          "data": {
            "name": "\u00d8\u00b3\u00d9\u0088 \u00d8\u00b3\u00d9\u0088",
            "uri": "https://www.facebook.com/profile.php?id=100081321256351"
          }
        },
        {
          "timestamp": 1670211473,
          "data": {
            "name": "\u00d8\u00ad\u00d9\u0086\u00d8\u00a7\u00d9\u0086 \u00d8\u00b5\u00d8\u00a8\u00d8\u00b1\u00d9\u008a",
            "uri": "https://www.facebook.com/profile.php?id=100081238161076"
          }
        },
        {
          "timestamp": 1670211473,
          "data": {
            "name": "\u00d8\u00a7\u00d9\u008a\u00d9\u0087 \u00d8\u00ae\u00d8\u00a7\u00d9\u0084\u00d8\u00af \u00d8\u00a7\u00d8\u00ad\u00d9\u0085\u00d8\u00af",
            "uri": "https://www.facebook.com/profile.php?id=100081129894951"
          }
        },
        {
          "timestamp": 1670211464,
          "data": {
            "name": "\u00d8\u00a7\u00d8\u00b3\u00d9\u0085\u00d8\u00a7\u00d8\u00a1 \u00d9\u0085\u00d8\u00ad\u00d9\u0085\u00d8\u00af",
            "uri": "https://www.facebook.com/profile.php?id=100081123621175"
          }
        },
        {
          "timestamp": 1670211464,
          "data": {
            "name": "\u00d8\u00a7\u00d9\u008a\u00d9\u0087 \u00d8\u00ad\u00d8\u00a7\u00d9\u0085\u00d8\u00af \u00d8\u00ad\u00d8\u00a7\u00d9\u0085\u00d8\u00af",
            "uri": "https://www.facebook.com/profile.php?id=100068423316430"
          }
        },
        {
          "timestamp": 1670211456,
          "data": {
            "name": "\u00d9\u0085\u00d8\u00a7\u00d9\u0084 \u00d8\u00a7\u00d9\u0084\u00d8\u00b4\u00d8\u00a7\u00d9\u0085",
            "uri": "https://www.facebook.com/profile.php?id=100076963154198"
          }
        },
        {
          "timestamp": 1670211433,
          "data": {
            "name": "\u00d8\u00b3\u00d8\u00a7\u00d8\u00b1\u00d9\u0087 \u00d8\u00b3\u00d9\u008a\u00d8\u00af",
            "uri": "https://www.facebook.com/profile.php?id=100075157882258"
          }
        },
        {
          "timestamp": 1670211433,
          "data": {
            "name": "\u00d9\u0085\u00d9\u0083\u00d9\u0087 \u00d9\u0085\u00d8\u00ad\u00d9\u0085\u00d8\u00af",
            "uri": "https://www.facebook.com/profile.php?id=100066426409450"
          }
        },
        {
          "timestamp": 1670211417,
          "data": {
            "name": "\u00d8\u00a7\u00d9\u008a\u00d9\u0085\u00d9\u0089 \u00d9\u0081\u00d8\u00a7\u00d8\u00b1\u00d9\u0088\u00d9\u0082",
            "uri": "https://www.facebook.com/profile.php?id=100076600116915"
          }
        },
        {
          "timestamp": 1670211417,
          "data": {
            "name": "\u00d8\u00a7\u00d9\u0085\u00d9\u008a \u00d8\u00b4\u00d9\u0088\u00d9\u0082 \u00d8\u00a7\u00d9\u0085\u00d9\u008a \u00d8\u00b4\u00d9\u0088\u00d9\u0082",
            "uri": "https://www.facebook.com/profile.php?id=100068331034811"
          }
        },
        {
          "timestamp": 1670211360,
          "data": {
            "name": "\u00d8\u00b6\u00d8\u00ba\u00d9\u008a\u00d8\u00b1\u00d9\u0088\u00d9\u0086\u00d9\u0087 \u00d8\u00a9\u00d8\u00a9",
            "uri": "https://www.facebook.com/profile.php?id=100072187637364"
          }
        },
        {
          "timestamp": 1670211340,
          "data": {
            "name": "\u00d9\u0085\u00d9\u008a\u00d8\u00b3\u00d8\u00a7 \u00d8\u00b3\u00d9\u0084\u00d9\u0085\u00d8\u00a7\u00d9\u0086",
            "uri": "https://www.facebook.com/profile.php?id=100072454107193"
          }
        },
        {
          "timestamp": 1670211328,
          "data": {
            "name": "\u00d8\u00b3\u00d8\u00a7\u00d8\u00b1\u00d9\u0087 \u00d9\u0085\u00d8\u00ad\u00d9\u0085\u00d8\u00af \u00d8\u00ad\u00d8\u00b3\u00d9\u0086",
            "uri": "https://www.facebook.com/profile.php?id=100067155037215"
          }
        },
        {
          "timestamp": 1670211307,
          "data": {
            "name": "Fify Moody",
            "uri": "https://www.facebook.com/profile.php?id=100081024832339"
          }
        },
        {
          "timestamp": 1670211285,
          "data": {
            "name": "\u00d9\u0081\u00d8\u00a7\u00d8\u00b7\u00d9\u0085\u00d9\u0087 \u00d8\u00b9\u00d8\u00a7\u00d8\u00af\u00d9\u0084",
            "uri": "https://www.facebook.com/profile.php?id=100080293992564"
          }
        },
        {
          "timestamp": 1670211285,
          "data": {
            "name": "\u00d9\u0085\u00d9\u0084\u00d9\u0083 \u00d8\u00a7\u00d8\u00ad\u00d9\u0085\u00d8\u00af \u00d9\u0085\u00d9\u0084\u00d9\u0083 \u00d8\u00a7\u00d8\u00ad\u00d9\u0085\u00d8\u00af",
            "uri": "https://www.facebook.com/profile.php?id=100077490597995"
          }
        },
        {
          "timestamp": 1670211171,
          "data": {
            "name": "\u00d9\u0083\u00d9\u0088\u00d9\u0083\u00d9\u008a \u00d9\u0083\u00d8\u00b1\u00d9\u008a\u00d9\u0085",
            "uri": "https://www.facebook.com/profile.php?id=100073680314742"
          }
        },
        {
          "timestamp": 1670211117,
          "data": {
            "name": "\u00d8\u00b3\u00d9\u0087\u00d8\u00a7 \u00d8\u00a7\u00d9\u0084\u00d8\u00a8\u00d9\u008a\u00d8\u00b7\u00d8\u00a7\u00d8\u00b1",
            "uri": "https://www.facebook.com/profile.php?id=100070793732090"
          }
        },
        {
          "timestamp": 1670211117,
          "data": {
            "name": "\u00d8\u00a7\u00d8\u00b3\u00d9\u0085\u00d8\u00a7\u00d8\u00a1 \u00d9\u0085\u00d8\u00ad\u00d9\u0085\u00d8\u00af \u00d8\u00a7\u00d9\u0085 \u00d9\u0086\u00d8\u00af\u00d9\u008a",
            "uri": "https://www.facebook.com/profile.php?id=100038493631380"
          }
        },
        {
          "timestamp": 1670211108,
          "data": {
            "name": "\u00d8\u00ad\u00d8\u00a8\u00d9\u008a\u00d8\u00aa \u00d8\u00a7\u00d9\u0084\u00d8\u00ad\u00d8\u00b1\u00d9\u008a\u00d9\u0085",
            "uri": "https://www.facebook.com/profile.php?id=100081028232814"
          }
        },
        {
          "timestamp": 1670211054,
          "data": {
            "name": "No Nem",
            "uri": "https://www.facebook.com/profile.php?id=100069923051304"
          }
        },
        {
          "timestamp": 1670211054,
          "data": {
            "name": "Toto Ana",
            "uri": "https://www.facebook.com/anna.insan.7"
          }
        },
        {
          "timestamp": 1670211036,
          "data": {
            "name": "\u00e0\u00a6\u0095\u00e0\u00a6\u00be\u00e0\u00a6\u009b\u00e0\u00a7\u0087\u00e0\u00a6\u00b0 \u00e0\u00a6\u00ae\u00e0\u00a6\u00be\u00e0\u00a6\u00a8\u00e0\u00a7\u0081\u00e0\u00a6\u00b7",
            "uri": "https://www.facebook.com/profile.php?id=100048967275338"
          }
        },
        {
          "timestamp": 1670211036,
          "data": {
            "name": "Nisu Khan",
            "uri": "https://www.facebook.com/nisu.khan.77964"
          }
        },
        {
          "timestamp": 1670211017,
          "data": {
            "name": "Monaa Mohamed",
            "uri": "https://www.facebook.com/profile.php?id=100070869033996"
          }
        },
        {
          "timestamp": 1670211017,
          "data": {
            "name": "Natti Kumar",
            "uri": "https://www.facebook.com/natti.kumar.14"
          }
        },
        {
          "timestamp": 1670211017,
          "data": {
            "name": "Mohamed Almansy",
            "uri": "https://www.facebook.com/mohamed.almansy.75"
          }
        },
        {
          "timestamp": 1670210951,
          "data": {
            "name": "Mi Abkardasm",
            "uri": "https://www.facebook.com/mi.abkardasm"
          }
        },
        {
          "timestamp": 1670210911,
          "data": {
            "name": "Mena Eldawlu",
            "uri": "https://www.facebook.com/profile.php?id=100072871510300"
          }
        },
        {
          "timestamp": 1670210911,
          "data": {
            "name": "Mero Deand",
            "uri": "https://www.facebook.com/mero.deand"
          }
        },
        {
          "timestamp": 1670210888,
          "data": {
            "name": "Mdakib Mdakib",
            "uri": "https://www.facebook.com/profile.php?id=100074671262265"
          }
        },
        {
          "timestamp": 1670210888,
          "data": {
            "name": "L\u00c3\u00a0\u00c3\u00a0 Br\u00c3\u00bcn\u00c3\u008at",
            "uri": "https://www.facebook.com/amina.solo.37201901"
          }
        },
        {
          "timestamp": 1670210803,
          "data": {
            "name": "\u00d9\u0085\u00d9\u008a\u00d8\u00b1\u00d9\u0086\u00d8\u00a7 \u00d9\u0085\u00d9\u008a\u00d8\u00b1\u00d9\u0086\u00d8\u00a7",
            "uri": "https://www.facebook.com/profile.php?id=100078301383334"
          }
        },
        {
          "timestamp": 1670210784,
          "data": {
            "name": "Kristy Ocampo",
            "uri": "https://www.facebook.com/profile.php?id=100079311980867"
          }
        },
        {
          "timestamp": 1670210784,
          "data": {
            "name": "Noura Amora",
            "uri": "https://www.facebook.com/noura.amora.106"
          }
        },
        {
          "timestamp": 1670210763,
          "data": {
            "name": "Ko Tamer",
            "uri": "https://www.facebook.com/ko.tamer.3"
          }
        },
        {
          "timestamp": 1670210742,
          "data": {
            "name": "Kasdu Kasduansari",
            "uri": "https://www.facebook.com/kasdu.kasduansari"
          }
        },
        {
          "timestamp": 1670210742,
          "data": {
            "name": "Jessica Salinas",
            "uri": "https://www.facebook.com/profile.php?id=100035644358075"
          }
        },
        {
          "timestamp": 1670210742,
          "data": {
            "name": "Khaled Nader",
            "uri": "https://www.facebook.com/khaled.nada.370"
          }
        },
        {
          "timestamp": 1670210721,
          "data": {
            "name": "Jehan Ra",
            "uri": "https://www.facebook.com/profile.php?id=100051568566554"
          }
        },
        {
          "timestamp": 1670210721,
          "data": {
            "name": "Hdjdthe Hhddjhdd",
            "uri": "https://www.facebook.com/hdjdthe.hhddjhdd.9"
          }
        },
        {
          "timestamp": 1670210721,
          "data": {
            "name": "Hedi Ben Mohamed",
            "uri": "https://www.facebook.com/hedi.benmohamed.79"
          }
        },
        {
          "timestamp": 1670210680,
          "data": {
            "name": "Hanan Youssef",
            "uri": "https://www.facebook.com/profile.php?id=100087022759996"
          }
        },
        {
          "timestamp": 1670210680,
          "data": {
            "name": "Hayat Alby",
            "uri": "https://www.facebook.com/profile.php?id=100073776280687"
          }
        },
        {
          "timestamp": 1670210643,
          "data": {
            "name": "Ha Dil",
            "uri": "https://www.facebook.com/profile.php?id=100036331771616"
          }
        },
        {
          "timestamp": 1670210643,
          "data": {
            "name": "Haha As",
            "uri": "https://www.facebook.com/haha.as.7739814"
          }
        },
        {
          "timestamp": 1670210545,
          "data": {
            "name": "Greta Wolf",
            "uri": "https://www.facebook.com/great.wolf.9828"
          }
        },
        {
          "timestamp": 1670210545,
          "data": {
            "name": "Dikhsha Sharma X",
            "uri": "https://www.facebook.com/dikhsha.sharmax"
          }
        },
        {
          "timestamp": 1670210508,
          "data": {
            "name": "Badr Awad Awad Nada",
            "uri": "https://www.facebook.com/profile.php?id=100077636013116"
          }
        },
        {
          "timestamp": 1670210508,
          "data": {
            "name": "Alm Alm",
            "uri": "https://www.facebook.com/profile.php?id=100075189303446"
          }
        },
        {
          "timestamp": 1670210508,
          "data": {
            "name": "Asr Hs",
            "uri": "https://www.facebook.com/asr.hs.92"
          }
        },
        {
          "timestamp": 1670210431,
          "data": {
            "name": "\u00d8\u00af\u00d8\u00a7\u00d9\u0084\u00d9\u008a\u00d8\u00a7 \u00d9\u0085\u00d8\u00ad\u00d9\u0085\u00d8\u00af \u00d9\u0081\u00d8\u00a4\u00d8\u00a7\u00d8\u00af",
            "uri": "https://www.facebook.com/profile.php?id=100046901775113"
          }
        },
        {
          "timestamp": 1670210353,
          "data": {
            "name": "\u00d9\u0085\u00d9\u0088\u00d8\u00af\u00d9\u0087 \u00d9\u0085\u00d9\u0088\u00d8\u00af\u00d9\u0087",
            "uri": "https://www.facebook.com/profile.php?id=100081000173963"
          }
        },
        {
          "timestamp": 1670210353,
          "data": {
            "name": "Malak Shehata",
            "uri": "https://www.facebook.com/profile.php?id=100074813496759"
          }
        },
        {
          "timestamp": 1670210353,
          "data": {
            "name": "\u00d9\u0085\u00d8\u00b3\u00d8\u00aa\u00d9\u0082\u00d9\u0084 \u00d9\u0085\u00d8\u00ac\u00d9\u0087\u00d9\u0088\u00d9\u0084",
            "uri": "https://www.facebook.com/profile.php?id=100068736031081"
          }
        },
        {
          "timestamp": 1670210315,
          "data": {
            "name": "\u00d9\u0081\u00d8\u00b1\u00d8\u00a7\u00d8\u00b4\u00d8\u00a9 \u00d8\u00a7\u00d9\u0084\u00d8\u00ad\u00d9\u008a\u00d8\u00a7\u00d8\u00a9",
            "uri": "https://www.facebook.com/profile.php?id=100088412766072"
          }
        },
        {
          "timestamp": 1670210315,
          "data": {
            "name": "\u00d8\u00b9\u00d9\u0084\u00d9\u0088\u00d8\u00b4 \u00d8\u00a7\u00d8\u00a8\u00d9\u0086 \u00d9\u0083\u00d8\u00b1\u00d8\u00a8\u00d9\u0084\u00d9\u0087",
            "uri": "https://www.facebook.com/profile.php?id=100075357018972"
          }
        },
        {
          "timestamp": 1670210315,
          "data": {
            "name": "\u00d8\u00ba\u00d9\u008a\u00d9\u0088\u00d8\u00ab\u00d9\u008a \u00d8\u00a7\u00d9\u0084\u00d8\u00ad\u00d9\u0084\u00d8\u00a7\u00d9\u0088\u00d9\u008a",
            "uri": "https://www.facebook.com/profile.php?id=100074788992759"
          }
        },
        {
          "timestamp": 1670210287,
          "data": {
            "name": "\u00d8\u00ad\u00d8\u00b3\u00d9\u0088\u00d9\u0086\u00d9\u008a \u00d9\u0085\u00d8\u00ad\u00d9\u0085\u00d8\u00af",
            "uri": "https://www.facebook.com/profile.php?id=100086445995165"
          }
        },
        {
          "timestamp": 1670210287,
          "data": {
            "name": "\u00d8\u00b9\u00d9\u0084\u00d8\u00a7\u00d9\u0088\u00d9\u008a \u00d8\u00a7\u00d8\u00a8\u00d9\u0086 \u00d8\u00a7\u00d9\u0084\u00d8\u00ad\u00d8\u00ac\u00d9\u008a",
            "uri": "https://www.facebook.com/profile.php?id=100060385574247"
          }
        },
        {
          "timestamp": 1670210252,
          "data": {
            "name": "\u00d8\u00a7\u00d9\u0084\u00d8\u00a8\u00d8\u00a7\u00d8\u00b4 \u00d8\u00a7\u00d9\u0084\u00d8\u00b9\u00d8\u00b1\u00d8\u00a7\u00d9\u0082\u00d9\u008a",
            "uri": "https://www.facebook.com/profile.php?id=100076837773735"
          }
        },
        {
          "timestamp": 1670210252,
          "data": {
            "name": "\u00d8\u00ad\u00d8\u00b3\u00d9\u0088\u00d9\u0086\u00d9\u008a \u00d9\u0081\u00d8\u00a7\u00d8\u00b6\u00d9\u0084",
            "uri": "https://www.facebook.com/profile.php?id=100071789584387"
          }
        },
        {
          "timestamp": 1670210252,
          "data": {
            "name": "\u00d8\u00a7\u00d9\u0086\u00d8\u00a7 \u00d9\u0088\u00d8\u00ad\u00d8\u00af\u00d9\u0089 \u00d9\u0088\u00d8\u00a7\u00d9\u0084\u00d9\u0083\u00d8\u00a7\u00d8\u00b3",
            "uri": "https://www.facebook.com/profile.php?id=100037734592775"
          }
        },
        {
          "timestamp": 1670210211,
          "data": {
            "name": "\u00d8\u00a3\u00d9\u0085\u00d8\u00a7\u00d9\u0086\u00d9\u008a \u00d8\u00ad\u00d9\u0086\u00d9\u008a\u00d9\u0086",
            "uri": "https://www.facebook.com/profile.php?id=100084840345857"
          }
        },
        {
          "timestamp": 1670210211,
          "data": {
            "name": "\u00d8\u00a2\u00d8\u00a8\u00db\u0081\u00db\u0081\u00ef\u00b9\u00bb\u00d9\u00ad\u00d9\u00b0\u00db\u00ac\u00db\u009b\u00ef\u00b9\u00bb\u00d9\u0086\u00db\u0081\u00db\u00a6\u00d9\u00b0\u00d9\u00b0\u00db\u00aa\u00db\u00aa\u00db\u00a7\u00db\u00ab\u00db\u00ab\u00d9\u00ad \u00ef\u00ad\u0091\u00ef\u00bb\u00b5\u00ef\u00ae\u009c\u00db\u00a6\u00db\u0098\u00db\u00a6\u00db\u0098\u00ef\u00ad\u0091\u00ef\u00ba\u0091\u00db\u00a6\u00db\u0098\u00db\u00a6\u00ef\u00ba\u00ae\u00db\u0098",
            "uri": "https://www.facebook.com/profile.php?id=100082540813569"
          }
        },
        {
          "timestamp": 1670210211,
          "data": {
            "name": "Ghada \u00c3\u0088dd\u00c3\u00afNe",
            "uri": "https://www.facebook.com/profile.php?id=100078272063589"
          }
        },
        {
          "timestamp": 1670210166,
          "data": {
            "name": "Beatryx Bejata Beatryx",
            "uri": "https://www.facebook.com/michaela.mirgova.37"
          }
        },
        {
          "timestamp": 1670210045,
          "data": {
            "name": "Naglaa Metwaly",
            "uri": "https://www.facebook.com/profile.php?id=100081254500592"
          }
        },
        {
          "timestamp": 1670210023,
          "data": {
            "name": "Nour Eraqy",
            "uri": "https://www.facebook.com/profile.php?id=100077987298682"
          }
        },
        {
          "timestamp": 1670210005,
          "data": {
            "name": "\u00d8\u00b7\u00d9\u0084\u00d8\u00b9\u00d8\u00aa \u00d8\u00b7\u00d9\u0085\u00d8\u00a7\u00d9\u0086",
            "uri": "https://www.facebook.com/amr.taman.773"
          }
        },
        {
          "timestamp": 1670209993,
          "data": {
            "name": "\u00d8\u00a3\u00d8\u00ad\u00d9\u0085\u00d8\u00af \u00d8\u00a3\u00d8\u00a8\u00d9\u0088 \u00d8\u00a3\u00d8\u00ad\u00d9\u0085\u00d8\u00af",
            "uri": "https://www.facebook.com/profile.php?id=100056934416622"
          }
        },
        {
          "timestamp": 1670209915,
          "data": {
            "name": "\u00d8\u00b2\u00d9\u0087\u00d8\u00b1\u00d9\u0087 \u00d8\u00a7\u00d9\u0084\u00d8\u00b1\u00d8\u00a8\u00d9\u008a\u00d8\u00b9",
            "uri": "https://www.facebook.com/profile.php?id=100052462695565"
          }
        },
        {
          "timestamp": 1670209915,
          "data": {
            "name": "\u00d8\u00a3\u00d9\u0085 \u00d9\u0085\u00d8\u00ad\u00d9\u0085\u00d8\u00af",
            "uri": "https://www.facebook.com/profile.php?id=100026400082438"
          }
        },
        {
          "timestamp": 1670209915,
          "data": {
            "name": "Wahid Rabah",
            "uri": "https://www.facebook.com/wahid.rabah.5"
          }
        },
        {
          "timestamp": 1670209883,
          "data": {
            "name": "\u00d8\u00b4\u00d9\u0087\u00d8\u00af \u00d8\u00b9\u00d8\u00a7\u00d8\u00af\u00d9\u0084",
            "uri": "https://www.facebook.com/profile.php?id=100063757055893"
          }
        },
        {
          "timestamp": 1670209883,
          "data": {
            "name": "\u00d9\u0085\u00d8\u00ad\u00d9\u0085\u00d8\u00af \u00d8\u00a7\u00d8\u00a8\u00d9\u0088 \u00d8\u00a7\u00d8\u00ad\u00d9\u0085\u00d8\u00af",
            "uri": "https://www.facebook.com/profile.php?id=100005106162098"
          }
        },
        {
          "timestamp": 1670209846,
          "data": {
            "name": "Mahmoud F Zamel",
            "uri": "https://www.facebook.com/mahmoud.zamel.585"
          }
        },
        {
          "timestamp": 1670209829,
          "data": {
            "name": "Emy Jalal",
            "uri": "https://www.facebook.com/emyoz3a"
          }
        },
        {
          "timestamp": 1670209829,
          "data": {
            "name": "\u00d8\u00a3\u00d8\u00b3\u00d9\u0085\u00d8\u00a7\u00d8\u00a1 \u00d8\u00a3\u00d8\u00ad\u00d9\u0085\u00d8\u00af",
            "uri": "https://www.facebook.com/profile.php?id=100006788642765"
          }
        },
        {
          "timestamp": 1670209816,
          "data": {
            "name": "Omnia Shewikh",
            "uri": "https://www.facebook.com/omnia.shewikh.9"
          }
        },
        {
          "timestamp": 1670209816,
          "data": {
            "name": "Hala Mohamed",
            "uri": "https://www.facebook.com/profile.php?id=100008648164001"
          }
        },
        {
          "timestamp": 1670209752,
          "data": {
            "name": "Nour Alam",
            "uri": "https://www.facebook.com/nour.alam.102361"
          }
        },
        {
          "timestamp": 1670209735,
          "data": {
            "name": "Nada Hassan",
            "uri": "https://www.facebook.com/profile.php?id=100052754351821"
          }
        },
        {
          "timestamp": 1670209735,
          "data": {
            "name": "Esraa Ashraf",
            "uri": "https://www.facebook.com/profile.php?id=100014695471573"
          }
        },
        {
          "timestamp": 1670209692,
          "data": {
            "name": "Doaa Ahmed",
            "uri": "https://www.facebook.com/profile.php?id=100006220635461"
          }
        },
        {
          "timestamp": 1670209676,
          "data": {
            "name": "LO La",
            "uri": "https://www.facebook.com/profile.php?id=100088012024945"
          }
        },
        {
          "timestamp": 1670209652,
          "data": {
            "name": "Esraa Metwaly",
            "uri": "https://www.facebook.com/esraa.metwaly.549"
          }
        },
        {
          "timestamp": 1670209610,
          "data": {
            "name": "\u00d8\u00a3\u00d9\u0085 \u00d8\u00b3\u00d9\u0085\u00d8\u00a7",
            "uri": "https://www.facebook.com/profile.php?id=100055840027426"
          }
        },
        {
          "timestamp": 1670209590,
          "data": {
            "name": "\u00d8\u00a7\u00d9\u0085 \u00d8\u00a7\u00d8\u00af\u00d9\u0087\u00d9\u0085",
            "uri": "https://www.facebook.com/profile.php?id=100084922280246"
          }
        },
        {
          "timestamp": 1670209575,
          "data": {
            "name": "\u00d8\u00b7\u00d8\u00a7\u00d8\u00b1\u00d9\u0082 \u00d9\u0085\u00d8\u00ad\u00d9\u0085\u00d8\u00af",
            "uri": "https://www.facebook.com/profile.php?id=100087920319657"
          }
        },
        {
          "timestamp": 1670209575,
          "data": {
            "name": "\u00d8\u00a7\u00d9\u0085 \u00d9\u0083\u00d8\u00b1\u00d9\u008a\u00d9\u0085",
            "uri": "https://www.facebook.com/profile.php?id=100054497896000"
          }
        },
        {
          "timestamp": 1670209447,
          "data": {
            "name": "\u00d9\u0086\u00d8\u00b1\u00d9\u0085\u00d9\u008a\u00d9\u0086 \u00d9\u0085\u00d8\u00ad\u00d9\u0085\u00d8\u00af",
            "uri": "https://www.facebook.com/profile.php?id=100085226436875"
          }
        },
        {
          "timestamp": 1670209329,
          "data": {
            "name": "\u00d8\u00a7\u00d9\u0084\u00d9\u0081\u00d8\u00aa\u00d8\u00a7\u00d8\u00a9 \u00d8\u00a7\u00d9\u0084\u00d8\u00aa\u00d9\u008a \u00d8\u00ae\u00d8\u00a7\u00d9\u0086\u00d9\u0087\u00d8\u00a7 \u00d8\u00a7\u00d9\u0084\u00d8\u00b2\u00d9\u0085\u00d9\u0086",
            "uri": "https://www.facebook.com/profile.php?id=100087840983443"
          }
        },
        {
          "timestamp": 1670209278,
          "data": {
            "name": "Meneem Rasheed",
            "uri": "https://www.facebook.com/profile.php?id=100084123992374"
          }
        },
        {
          "timestamp": 1670209261,
          "data": {
            "name": "\u00d9\u0085\u00d8\u00ad\u00d9\u0085\u00d8\u00af \u00d9\u0085\u00d8\u00ad\u00d9\u0085\u00d9\u0088\u00d8\u00af",
            "uri": "https://www.facebook.com/profile.php?id=100043992456364"
          }
        },
        {
          "timestamp": 1670209246,
          "data": {
            "name": "\u00d9\u0087\u00d9\u0088\u00d8\u00b3 \u00d9\u0085\u00d8\u00a7\u00d9\u008a\u00d8\u00a7",
            "uri": "https://www.facebook.com/profile.php?id=100060961415953"
          }
        },
        {
          "timestamp": 1670209218,
          "data": {
            "name": "\u00d9\u0085\u00d9\u008a \u00d9\u0085\u00d8\u00b5\u00d8\u00b7\u00d9\u0081\u00d9\u0089",
            "uri": "https://www.facebook.com/profile.php?id=100084190165207"
          }
        },
        {
          "timestamp": 1670209193,
          "data": {
            "name": "\u00d9\u0085\u00d9\u0086\u00d9\u0087 \u00d9\u0085\u00d8\u00ad\u00d9\u0085\u00d8\u00af",
            "uri": "https://www.facebook.com/profile.php?id=100083252395277"
          }
        },
        {
          "timestamp": 1670209193,
          "data": {
            "name": "\u00d8\u00aa\u00d8\u00b3\u00d9\u0086\u00d9\u008a\u00d9\u0085 \u00d8\u00b4\u00d8\u00a7\u00d8\u00af\u00d9\u008a",
            "uri": "https://www.facebook.com/profile.php?id=100081552995903"
          }
        },
        {
          "timestamp": 1670209175,
          "data": {
            "name": "\u00d9\u0086\u00d9\u0088\u00d8\u00b1\u00d8\u00a7 \u00d9\u0085\u00d8\u00ac\u00d8\u00af\u00d9\u008a",
            "uri": "https://www.facebook.com/profile.php?id=100087109362030"
          }
        },
        {
          "timestamp": 1670209175,
          "data": {
            "name": "Sara Ahmed",
            "uri": "https://www.facebook.com/profile.php?id=100084865787844"
          }
        },
        {
          "timestamp": 1670209139,
          "data": {
            "name": "Reham Elaraby",
            "uri": "https://www.facebook.com/profile.php?id=100087404424828"
          }
        },
        {
          "timestamp": 1670209139,
          "data": {
            "name": "\u00d9\u008a\u00d8\u00a7\u00d8\u00b3\u00d9\u0085\u00d9\u008a\u00d9\u0086 \u00d8\u00b9\u00d9\u0084\u00d9\u0089 \u00d8\u00b9\u00d9\u0084\u00d9\u0089",
            "uri": "https://www.facebook.com/profile.php?id=100086748246636"
          }
        },
        {
          "timestamp": 1670209125,
          "data": {
            "name": "Pleasant Acid",
            "uri": "https://www.facebook.com/profile.php?id=100088236484516"
          }
        },
        {
          "timestamp": 1670209125,
          "data": {
            "name": "May Mohammed",
            "uri": "https://www.facebook.com/profile.php?id=100088033098290"
          }
        },
        {
          "timestamp": 1670209112,
          "data": {
            "name": "\u00d8\u00a7\u00d9\u0085\u00d9\u0084 \u00d8\u00ad\u00d8\u00a7\u00d9\u0085\u00d8\u00af",
            "uri": "https://www.facebook.com/profile.php?id=100088023739083"
          }
        },
        {
          "timestamp": 1670209083,
          "data": {
            "name": "\u00d9\u0085\u00d9\u0084\u00d9\u008a\u00d8\u00b4 \u00d8\u00ad\u00d8\u00a8\u00d9\u008a\u00d8\u00a8",
            "uri": "https://www.facebook.com/profile.php?id=100088345926623"
          }
        },
        {
          "timestamp": 1670209083,
          "data": {
            "name": "So Sy",
            "uri": "https://www.facebook.com/profile.php?id=100083620092408"
          }
        },
        {
          "timestamp": 1670209052,
          "data": {
            "name": "\u00d9\u0085\u00d8\u00af\u00d9\u0084\u00d9\u0084\u00d8\u00a9 \u00d9\u0088\u00d8\u00b9\u00d9\u0086\u00d9\u008a\u00d8\u00af\u00d8\u00a9",
            "uri": "https://www.facebook.com/profile.php?id=100087522174942"
          }
        },
        {
          "timestamp": 1670209052,
          "data": {
            "name": "\u00d9\u0085\u00d8\u00b2\u00d8\u00a7\u00d8\u00ac\u00d9\u008a\u00d8\u00a9 \u00d9\u0088\u00d9\u0087\u00d9\u0088\u00d8\u00a7\u00d9\u008a\u00d8\u00aa\u00d9\u008a \u00d8\u00a7\u00d9\u0084\u00d9\u0085\u00d8\u00ac\u00d8\u00a7\u00d9\u0083\u00d8\u00b1\u00d8\u00a9",
            "uri": "https://www.facebook.com/profile.php?id=100087508554694"
          }
        },
        {
          "timestamp": 1670208988,
          "data": {
            "name": "\u00d8\u00ad\u00d8\u00b3\u00d9\u008a\u00d9\u0086 \u00d9\u0085\u00d8\u00ad\u00d9\u0085\u00d8\u00af",
            "uri": "https://www.facebook.com/profile.php?id=100086938756721"
          }
        },
        {
          "timestamp": 1670208988,
          "data": {
            "name": "\u00d8\u00b1\u00d8\u00ac\u00d9\u0084 \u00d9\u0085\u00d9\u0086\u00d9\u0083\u00d8\u00b3\u00d8\u00b1",
            "uri": "https://www.facebook.com/profile.php?id=100085788098711"
          }
        },
        {
          "timestamp": 1670208942,
          "data": {
            "name": "\u00d8\u00a7\u00d9\u0084 \u00d9\u0085\u00d8\u00ba\u00d8\u00b1 \u00d8\u00a8\u00d9\u008a\u00d8\u00a9",
            "uri": "https://www.facebook.com/profile.php?id=100088350544177"
          }
        },
        {
          "timestamp": 1670208908,
          "data": {
            "name": "Zaineb Zaineb",
            "uri": "https://www.facebook.com/profile.php?id=100087738791412"
          }
        },
        {
          "timestamp": 1670208908,
          "data": {
            "name": "\u00d8\u00b3\u00d8\u00a2\u00d8\u00b1\u00d8\u00a9 \u00d8\u00a7\u00d9\u0084\u00d8\u00b1\u00da\u00a8\u00d9\u0086\u00d8\u00a2\u00d8\u00aa\u00d9\u008a\u00d8\u00a9",
            "uri": "https://www.facebook.com/profile.php?id=100078271819249"
          }
        },
        {
          "timestamp": 1670205012,
          "data": {
            "name": "Shimaa Reda",
            "uri": "https://www.facebook.com/profile.php?id=100043990248865"
          }
        },
        {
          "timestamp": 1670108744,
          "data": {
            "name": "\u00d9\u0085\u00d8\u00b1\u00d8\u00a7\u00d8\u00ac\u00d8\u00b9\u00d9\u0087 \u00d8\u00ac\u00d9\u0088\u00d8\u00af\u00d9\u0087 \u00d8\u00a7\u00d9\u0084\u00d8\u00ad\u00d8\u00b3\u00d8\u00a7\u00d8\u00a8\u00d8\u00a7\u00d8\u00aa",
            "uri": "https://www.facebook.com/profile.php?id=100005245055135"
          }
        },
        {
          "timestamp": 1670108027,
          "data": {
            "name": "Sybil Stallone blog",
            "uri": "https://www.facebook.com/sybilstalloneofficiall"
          }
        },
        {
          "timestamp": 1670107819,
          "data": {
            "name": "Black",
            "uri": "https://www.facebook.com/black8969"
          }
        },
        {
          "timestamp": 1670107777,
          "data": {
            "name": "Nicolette Shea - Page",
            "uri": "https://www.facebook.com/nicoletteshea69"
          }
        },
        {
          "timestamp": 1670053521,
          "data": {
            "name": "Martyna Kozlowska",
            "uri": "https://www.facebook.com/profile.php?id=100085504027532"
          }
        },
        {
          "timestamp": 1669782420,
          "data": {
            "name": "Wolf Wolf",
            "uri": "https://www.facebook.com/profile.php?id=100087153143938"
          }
        },
        {
          "timestamp": 1669182547,
          "data": {
            "name": "\u00d9\u0085\u00d8\u00b1\u00d9\u0088\u00d8\u00a7\u00d9\u0086 \u00d8\u00ad\u00d8\u00b3\u00d9\u008a\u00d9\u0086",
            "uri": "https://www.facebook.com/profile.php?id=100088211314394"
          }
        },
        {
          "timestamp": 1669181937,
          "data": {
            "name": "\u00d8\u00ad\u00d8\u00b3\u00d9\u008a\u00d9\u0086 \u00d9\u0088\u00d8\u00ad\u00d9\u008a\u00d8\u00af \u00d8\u00a7\u00d8\u00a8\u00d9\u0088\u00d9\u0085\u00d8\u00ad\u00d9\u0085\u00d8\u00af",
            "uri": "https://www.facebook.com/profile.php?id=100078203067985"
          }
        },
        {
          "timestamp": 1669181932,
          "data": {
            "name": "\u00d8\u00a7\u00d8\u00a8\u00d9\u0088 \u00d9\u0085\u00d8\u00b1\u00d9\u0088\u00d8\u00a7\u00d9\u0086 \u00d8\u00b9\u00d9\u0088\u00d9\u008a\u00d8\u00b6",
            "uri": "https://www.facebook.com/profile.php?id=100071567716718"
          }
        },
        {
          "timestamp": 1669066068,
          "data": {
            "name": "Om Yazan",
            "uri": "https://www.facebook.com/profile.php?id=100027440387290"
          }
        },
        {
          "timestamp": 1669058172,
          "data": {
            "name": "Marwan Mahmood",
            "uri": "https://www.facebook.com/marwan.mahmood.566"
          }
        },
        {
          "timestamp": 1668223740,
          "data": {
            "name": "\u00d9\u0085\u00d8\u00b1\u00d9\u0088\u00d8\u00a7\u00d9\u0086 \u00d9\u0085\u00d8\u00ad\u00d9\u0085\u00d9\u0088\u00d8\u00af",
            "uri": "https://www.facebook.com/profile.php?id=100086050326567"
          }
        },
        {
          "timestamp": 1667607945,
          "data": {
            "name": "\u00d9\u0085\u00d8\u00b1\u00d9\u0088\u00d8\u00a7\u00d9\u0086 \u00d9\u0085\u00d8\u00ad\u00d9\u0085\u00d9\u0088\u00d8\u00af",
            "uri": "https://www.facebook.com/profile.php?id=100078025020881"
          }
        },
        {
          "timestamp": 1667529689,
          "data": {
            "name": "\u00d8\u00ad\u00d8\u00b3\u00d9\u008a\u00d9\u0086 \u00d9\u0088\u00d8\u00ad\u00d9\u008a\u00d8\u00af \u00d8\u00a7\u00d8\u00a8\u00d9\u0088 \u00d9\u0085\u00d8\u00ad\u00d9\u0085\u00d8\u00af",
            "uri": "https://www.facebook.com/profile.php?id=100023715048430"
          }
        },
        {
          "timestamp": 1667529064,
          "data": {
            "name": "\u00d9\u0085\u00d8\u00b1\u00d9\u0088\u00d8\u00a7\u00d9\u0086 \u00d9\u0085\u00d8\u00ad\u00d9\u0085\u00d9\u0088\u00d8\u00af",
            "uri": "https://www.facebook.com/profile.php?id=100085088350729"
          }
        },
        {
          "timestamp": 1667529064,
          "data": {
            "name": "\u00d9\u0085\u00d8\u00ad\u00d9\u0085\u00d9\u0088\u00d8\u00af \u00d8\u00b9\u00d9\u0088\u00d9\u008a\u00d8\u00b6 \u00d8\u00a7\u00d8\u00a8\u00d9\u0088 \u00d8\u00af\u00d8\u00a7\u00d9\u0086\u00d9\u0088\u00d9\u0086",
            "uri": "https://www.facebook.com/profile.php?id=100025827098414"
          }
        },
        {
          "timestamp": 1667528737,
          "data": {
            "name": "\u00d9\u0085\u00d8\u00b1\u00d9\u0088\u00d8\u00a7\u00d9\u0086 \u00d9\u0085\u00d8\u00ad\u00d9\u0085\u00d9\u0088\u00d8\u00af",
            "uri": "https://www.facebook.com/profile.php?id=100086985944819"
          }
        },
        {
          "timestamp": 1667528737,
          "data": {
            "name": "\u00d9\u0085\u00d8\u00b1\u00d9\u0088\u00d8\u00a7\u00d9\u0086 \u00d9\u0085\u00d8\u00ad\u00d9\u0085\u00d9\u0088\u00d8\u00af",
            "uri": "https://www.facebook.com/profile.php?id=100081495139088"
          }
        },
        {
          "timestamp": 1667528737,
          "data": {
            "name": "\u00d9\u0085\u00d8\u00b1\u00d9\u0088\u00d8\u00a7\u00d9\u0086 \u00d9\u0085\u00d8\u00ad\u00d9\u0085\u00d9\u0088\u00d8\u00af",
            "uri": "https://www.facebook.com/profile.php?id=100063019779231"
          }
        },
        {
          "timestamp": 1667421066,
          "data": {
            "name": "Fesal Elsakr",
            "uri": "https://www.facebook.com/profile.php?id=100076511353860"
          }
        },
        {
          "timestamp": 1667420123,
          "data": {
            "name": "Hala Saied",
            "uri": "https://www.facebook.com/profile.php?id=100083109145913"
          }
        },
        {
          "timestamp": 1667420091,
          "data": {
            "name": "\u00d8\u00ac\u00d9\u0087\u00d8\u00a7\u00d8\u00af \u00d9\u0081\u00d9\u008a\u00d8\u00b5\u00d9\u0084",
            "uri": "https://www.facebook.com/profile.php?id=100070588518004"
          }
        },
        {
          "timestamp": 1667420076,
          "data": {
            "name": "\u00d8\u00a7\u00d9\u0085 \u00d9\u0081\u00d8\u00a7\u00d9\u008a\u00d8\u00b2",
            "uri": "https://www.facebook.com/profile.php?id=100071574100964"
          }
        },
        {
          "timestamp": 1667420051,
          "data": {
            "name": "\u00d8\u00b7\u00d8\u00a7\u00d8\u00a6\u00d8\u00b1 \u00d8\u00a7\u00d9\u0084\u00d9\u0086\u00d9\u0088\u00d8\u00b1\u00d8\u00b3",
            "uri": "https://www.facebook.com/profile.php?id=100015005884492"
          }
        }
      ]
    },
    {
      "name": "\u00d8\u00b2\u00d9\u008a\u00d8\u00a7\u00d8\u00b1\u00d8\u00a7\u00d8\u00aa \u00d8\u00a7\u00d9\u0084\u00d8\u00b5\u00d9\u0081\u00d8\u00ad\u00d8\u00a9",
      "description": "\u00d8\u00b5\u00d9\u0081\u00d8\u00ad\u00d8\u00a7\u00d8\u00aa \u00d9\u0082\u00d9\u0085\u00d8\u00aa \u00d8\u00a8\u00d8\u00b2\u00d9\u008a\u00d8\u00a7\u00d8\u00b1\u00d8\u00aa\u00d9\u0087\u00d8\u00a7",
      "entries": [
        {
          "timestamp": 1670206381,
          "data": {
            "name": "i-D",
            "uri": "https://www.facebook.com/id.co/"
          }
        },
        {
          "timestamp": 1669685729,
          "data": {
            "name": "\u00d8\u00a7\u00d9\u0084\u00d9\u0082\u00d8\u00a7\u00d9\u0087\u00d8\u00b1\u00d8\u00a9",
            "uri": "https://www.facebook.com/pages/%D8%A7%D9%84%D9%82%D8%A7%D9%87%D8%B1%D8%A9/115351105145884"
          }
        },
        {
          "timestamp": 1669254146,
          "data": {
            "name": "Messenger",
            "uri": "https://www.facebook.com/messenger/"
          }
        },
        {
          "timestamp": 1669170119,
          "data": {
            "name": "Facebook",
            "uri": "https://www.facebook.com/facebook/"
          }
        },
        {
          "timestamp": 1669089680,
          "data": {
            "name": "Gmail",
            "uri": "https://www.facebook.com/Gmail/"
          }
        },
        {
          "timestamp": 1668041064,
          "data": {
            "name": "Android",
            "uri": "https://www.facebook.com/AndroidOfficial/"
          }
        }
      ]
    },
    {
      "name": "\u00d9\u0085\u00d8\u00ac\u00d9\u0085\u00d9\u0088\u00d8\u00b9\u00d8\u00a7\u00d8\u00aa \u00d9\u0082\u00d9\u0085\u00d8\u00aa \u00d8\u00a8\u00d8\u00b2\u00d9\u008a\u00d8\u00a7\u00d8\u00b1\u00d8\u00aa\u00d9\u0087\u00d8\u00a7",
      "description": "\u00d9\u0085\u00d8\u00ac\u00d9\u0085\u00d9\u0088\u00d8\u00b9\u00d8\u00a7\u00d8\u00aa \u00d9\u0082\u00d9\u0085\u00d8\u00aa \u00d8\u00a8\u00d8\u00b2\u00d9\u008a\u00d8\u00a7\u00d8\u00b1\u00d8\u00aa\u00d9\u0087\u00d8\u00a7 \u00d9\u0085\u00d8\u00a4\u00d8\u00ae\u00d8\u00b1\u00d9\u008b\u00d8\u00a7",
      "entries": [
        {
          "timestamp": 1670228402,
          "data": {
            "name": "\u00d8\u00a7\u00d9\u0085\u00d8\u00a7\u00d9\u0086 \u00d9\u0084\u00d9\u0084\u00d8\u00af\u00d9\u0081\u00d8\u00b9 \u00d8\u00a7\u00d9\u0084\u00d8\u00a5\u00d9\u0084\u00d9\u0083\u00d8\u00aa\u00d8\u00b1\u00d9\u0088\u00d9\u0086\u00d9\u008a",
            "uri": "https://www.facebook.com/groups/394042082336388/"
          }
        },
        {
          "timestamp": 1669827493,
          "data": {
            "name": "Gmail Buy and sell",
            "uri": "https://www.facebook.com/groups/501048687783069/"
          }
        },
        {
          "timestamp": 1669685730,
          "data": {
            "name": "\u00d8\u00b4\u00d9\u0084\u00d8\u00a9 \u00d9\u0085\u00d8\u00ac\u00d9\u0086\u00d9\u0088\u00d9\u0086\u00d9\u0087 \u00f0\u009f\u0098\u00b9\u00f0\u009f\u0099\u0086 \u00d8\u00a8\u00d8\u00b3 \u00d8\u00b9\u00d8\u00b3\u00d9\u0088\u00d9\u0084\u00d9\u0087\u00f0\u009f\u0092\u0083\u00f0\u009f\u008f\u0083",
            "uri": "https://www.facebook.com/groups/935768357098502/"
          }
        }
      ]
    }
  ]
}