{
  "profile_v2": {
    "name": {
      "full_name": "Wolf Wolf",
      "first_name": "Wolf",
      "middle_name": "",
      "last_name": "Wolf"
    },
    "emails": {
      "emails": [
        "marwanmahmod2022@outlook.sa"
      ],
      "previous_emails": [
        
      ],
      "pending_emails": [
        
      ],
      "ad_account_emails": [
        
      ]
    },
    "birthday": {
      "year": 1991,
      "month": 10,
      "day": 25
    },
    "gender": {
      "gender_option": "MALE",
      "pronoun": "MALE"
    },
    "previous_names": [
      {
        "name": "\u00d9\u0085\u00d8\u00b1\u00d9\u0088\u00d8\u00a7\u00d9\u0086 \u00d9\u0085\u00d8\u00ad\u00d9\u0085\u00d9\u0088\u00d8\u00af",
        "timestamp": 1670109186
      }
    ],
    "other_names": [
      
    ],
    "current_city": {
      "name": "\u00d8\u00a7\u00d9\u0084\u00d9\u0082\u00d8\u00a7\u00d9\u0087\u00d8\u00b1\u00d8\u00a9",
      "timestamp": 0
    },
    "hometown": {
      "name": "\u00d8\u00a7\u00d9\u0084\u00d9\u0082\u00d8\u00a7\u00d9\u0087\u00d8\u00b1\u00d8\u00a9",
      "timestamp": 0
    },
    "family_members": [
      {
        "name": "\u00d9\u0085\u00d8\u00ad\u00d9\u0085\u00d8\u00af \u00d9\u0085\u00d8\u00ad\u00d9\u0085\u00d9\u0088\u00d8\u00af",
        "relation": "\u00d8\u00a3\u00d8\u00ae",
        "timestamp": 1669782949
      }
    ],
    "education_experiences": [
      
    ],
    "work_experiences": [
      
    ],
    "blood_info": {
      "blood_donor_status": "unregistered"
    },
    "websites": [
      
    ],
    "screen_names": [
      {
        "service_name": "Instagram",
        "names": [
          {
            "name": "ma_mn22@hotmail.com",
            "timestamp": 1670204780
          }
        ]
      }
    ],
    "phone_numbers": [
      {
        "phone_type": "\u00d8\u00a7\u00d9\u0084\u00d9\u0087\u00d8\u00a7\u00d8\u00aa\u00d9\u0081 \u00d8\u00a7\u00d9\u0084\u00d9\u0085\u00d8\u00ad\u00d9\u0085\u00d9\u0088\u00d9\u0084",
        "phone_number": "+201553104043",
        "verified": true
      }
    ],
    "registration_timestamp": 1667416569,
    "profile_uri": "https://www.facebook.com/profile.php?id=100087153143938"
  }
}