{
  "off_facebook_activity_v2": [
    {
      "name": "com.snaptube.premium",
      "events": [
        {
          "id": 865977327286349,
          "type": "CUSTOM",
          "timestamp": 1669689120
        },
        {
          "id": 865977327286349,
          "type": "CUSTOM",
          "timestamp": 1669687200
        },
        {
          "id": 865977327286349,
          "type": "CUSTOM",
          "timestamp": 1669687140
        },
        {
          "id": 865977327286349,
          "type": "CUSTOM",
          "timestamp": 1669179300
        }
      ]
    },
    {
      "name": "SHAREit: Transfer, Share Files",
      "events": [
        {
          "id": 1389177071407768,
          "type": "CUSTOM",
          "timestamp": 1669675320
        },
        {
          "id": 1389177071407768,
          "type": "CUSTOM",
          "timestamp": 1669267860
        },
        {
          "id": 1389177071407768,
          "type": "CUSTOM",
          "timestamp": 1669175220
        },
        {
          "id": 1389177071407768,
          "type": "CUSTOM",
          "timestamp": 1667614260
        },
        {
          "id": 1389177071407768,
          "type": "CUSTOM",
          "timestamp": 1667610180
        },
        {
          "id": 1389177071407768,
          "type": "CUSTOM",
          "timestamp": 1667607600
        }
      ]
    },
    {
      "name": "Speedy Quark VPN - VPN Master",
      "events": [
        {
          "id": 215169729790286,
          "type": "ACTIVATE_APP",
          "timestamp": 1669325520
        },
        {
          "id": 215169729790286,
          "type": "CUSTOM",
          "timestamp": 1669179660
        },
        {
          "id": 215169729790286,
          "type": "CUSTOM",
          "timestamp": 1669179480
        }
      ]
    },
    {
      "name": "PUBG MOBILE",
      "events": [
        {
          "id": 1036341366506456,
          "type": "CUSTOM",
          "timestamp": 1669059540
        },
        {
          "id": 1036341366506456,
          "type": "CUSTOM",
          "timestamp": 1667424240
        },
        {
          "id": 1036341366506456,
          "type": "CUSTOM",
          "timestamp": 1667423640
        },
        {
          "id": 1036341366506456,
          "type": "INSTALL",
          "timestamp": 1667421900
        },
        {
          "id": 1036341366506456,
          "type": "CUSTOM",
          "timestamp": 1667421840
        }
      ]
    }
  ]
}