{
  "sent_requests_v2": [
    {
      "name": "\u00d8\u00b1\u00d8\u00b4\u00d9\u008a\u00d8\u00af \u00d9\u0088\u00d8\u00ad\u00d9\u008a\u00d8\u00af",
      "timestamp": 1670205097
    },
    {
      "name": "\u00d8\u00a7\u00d8\u00ad\u00d9\u0085\u00d8\u00af \u00d8\u00ae\u00d8\u00a7\u00d9\u0084\u00d8\u00af \u00d8\u00a7\u00d9\u0084\u00d8\u00b7\u00d8\u00ad\u00d8\u00a7\u00d9\u0088\u00d9\u0089",
      "timestamp": 1670205057
    },
    {
      "name": "Apoda Apo AHmd",
      "timestamp": 1670205029
    },
    {
      "name": "Karim Saied",
      "timestamp": 1670205023
    },
    {
      "name": "Abdo Sror",
      "timestamp": 1670205009
    },
    {
      "name": "\u00d9\u0085\u00d8\u00ad\u00d9\u0085\u00d8\u00af \u00d8\u00a7\u00d9\u0084\u00d8\u00b9\u00d8\u00b2\u00d8\u00a7\u00d8\u00b2\u00d9\u0089",
      "timestamp": 1670204999
    },
    {
      "name": "\u00d8\u00b5\u00d9\u0084\u00d8\u00a7\u00d8\u00ad \u00d8\u00b9\u00d8\u00a7\u00d9\u0085\u00d8\u00b1",
      "timestamp": 1670204990
    },
    {
      "name": "\u00d9\u0085\u00d8\u00ad\u00d9\u0085\u00d8\u00af \u00d8\u00ad\u00d8\u00b3\u00d9\u008a\u00d9\u0086 \u00d9\u0088\u00d8\u00ad\u00d9\u008a\u00d8\u00af",
      "timestamp": 1670204978
    },
    {
      "name": "Samir Reda",
      "timestamp": 1667419280
    },
    {
      "name": "\u00d8\u00a7\u00d8\u00ad\u00d9\u0085\u00d8\u00af \u00d8\u00ac\u00d9\u0085\u00d8\u00a7\u00d9\u0084",
      "timestamp": 1667417564
    }
  ]
}