{
  "friends_v2": [
    {
      "name": "\u00d9\u0085\u00d8\u00ad\u00d9\u0085\u00d8\u00af \u00d8\u00a7\u00d9\u0084\u00d8\u00ac\u00d8\u00a8\u00d8\u00a7\u00d9\u0084\u00d9\u008a",
      "timestamp": 1670227522
    },
    {
      "name": "Meneem Rasheed",
      "timestamp": 1670220232
    },
    {
      "name": "Omar Mohamed",
      "timestamp": 1670218236
    },
    {
      "name": "\u00d8\u00b9\u00d8\u00b7\u00d9\u008a\u00d8\u00a9 \u00d9\u0081\u00d9\u0084\u00d8\u00b3\u00d8\u00b7\u00d9\u008a\u00d9\u0086",
      "timestamp": 1670086717
    },
    {
      "name": "EL Hima Tahon",
      "timestamp": 1669549694
    },
    {
      "name": "\u00d9\u0085\u00d8\u00ad\u00d9\u0085\u00d8\u00af \u00d9\u0085\u00d8\u00ad\u00d9\u0085\u00d9\u0088\u00d8\u00af",
      "timestamp": 1669396059
    },
    {
      "name": "Mohamed Samir",
      "timestamp": 1669262197
    },
    {
      "name": "\u00d8\u00a7\u00d8\u00a8\u00d9\u0088 \u00d8\u00ad\u00d8\u00b3\u00d9\u0086",
      "timestamp": 1669262194
    },
    {
      "name": "Mohamed Geme",
      "timestamp": 1669070336
    },
    {
      "name": "\u00d8\u00ad\u00d9\u0085\u00d8\u00af\u00d9\u008a \u00d8\u00ba\u00d8\u00a7\u00d9\u0086\u00d9\u0085",
      "timestamp": 1669068738
    },
    {
      "name": "\u00d9\u0085\u00d8\u00b1\u00d9\u0088\u00d8\u00a7\u00d9\u0086 \u00d8\u00ad\u00d8\u00b3\u00d9\u008a\u00d9\u0086",
      "timestamp": 1669068734
    },
    {
      "name": "\u00d8\u00ad\u00d8\u00b3\u00d9\u008a\u00d9\u0086 \u00d9\u0088\u00d8\u00ad\u00d9\u008a\u00d8\u00af \u00d8\u00a7\u00d8\u00a8\u00d9\u0088\u00d9\u0085\u00d8\u00ad\u00d9\u0085\u00d8\u00af",
      "timestamp": 1668035911
    },
    {
      "name": "Marwan Mahmood",
      "timestamp": 1667862214
    },
    {
      "name": "\u00d8\u00a7\u00d8\u00a8\u00d9\u0088 \u00d9\u0083\u00d8\u00a7\u00d8\u00b1\u00d9\u0085\u00d8\u00a7",
      "timestamp": 1667854121
    },
    {
      "name": "\u00d8\u00b9\u00d8\u00a7\u00d8\u00af\u00d9\u0084 \u00d9\u008a\u00d9\u0088\u00d9\u0086\u00d8\u00b3",
      "timestamp": 1667755236
    },
    {
      "name": "\u00d9\u0085\u00d8\u00ad\u00d9\u0085\u00d9\u0088\u00d8\u00af \u00d9\u0088\u00d8\u00ad\u00d9\u008a\u00d8\u00af",
      "timestamp": 1667487293
    },
    {
      "name": "Ahmed Roza",
      "timestamp": 1667429947
    },
    {
      "name": "Ahmed Ebrahim",
      "timestamp": 1667427833
    },
    {
      "name": "\u00d8\u00ad\u00d8\u00b3\u00d9\u008a\u00d9\u0086 \u00d9\u0088\u00d8\u00ad\u00d9\u008a\u00d8\u00af \u00d8\u00a7\u00d8\u00a8\u00d9\u0088 \u00d9\u0085\u00d8\u00ad\u00d9\u0085\u00d8\u00af",
      "timestamp": 1667422084
    },
    {
      "name": "\u00d9\u0085\u00d8\u00ad\u00d9\u0085\u00d9\u0088\u00d8\u00af \u00d8\u00ac\u00d9\u0085\u00d8\u00a7\u00d9\u0084",
      "timestamp": 1667421119
    },
    {
      "name": "\u00d8\u00b1\u00d8\u00b4\u00d9\u008a\u00d8\u00af \u00d8\u00a7\u00d9\u0084\u00d8\u00b9\u00d8\u00b1\u00d8\u00a8\u00d8\u00a7\u00d9\u0088\u00d9\u008a",
      "timestamp": 1667421016
    },
    {
      "name": "Fesal Elsakr",
      "timestamp": 1667419805
    },
    {
      "name": "\u00d8\u00b9\u00d9\u0084\u00d9\u008a \u00d8\u00a7\u00d8\u00a8\u00d9\u0088\u00d8\u00a7\u00d8\u00ad\u00d9\u0085\u00d8\u00af",
      "timestamp": 1667419329
    }
  ]
}