{
  "timestamp": 1667416562,
  "attachments": [
    {
      "data": [
        {
          "life_event": {
            "title": "\u00d9\u0085\u00d9\u0088\u00d8\u00a7\u00d9\u0084\u00d9\u008a\u00d8\u00af \u00e2\u0080\u008f\u00d9\u00a2\u00d9\u00a5 \u00d8\u00a3\u00d9\u0083\u00d8\u00aa\u00d9\u0088\u00d8\u00a8\u00d8\u00b1 \u00d9\u00a1\u00d9\u00a9\u00d9\u00a9\u00d9\u00a1\u00e2\u0080\u008f",
            "start_date": {
              "year": 1991,
              "month": 10,
              "day": 25
            }
          }
        }
      ]
    }
  ],
  "data": [
    {
      "backdated_timestamp": 688374000
    }
  ]
}