{
  "name": "\u00d8\u00b5\u00d9\u0088\u00d8\u00b1 \u00d8\u00a7\u00d9\u0084\u00d8\u00ba\u00d9\u0084\u00d8\u00a7\u00d9\u0081",
  "photos": [
    {
      "uri": "posts/media/swralghlaf_HhTBOhWfYA/312845331_110580075190430_3576720236406357132_n_110580078523763.jpg",
      "creation_timestamp": 1667419457,
      "media_metadata": {
        "photo_metadata": {
          "exif_data": [
            {
              "upload_ip": "154.184.215.17",
              "taken_timestamp": 1667419459,
              "orientation": 1
            }
          ]
        }
      },
      "title": "\u00d8\u00b5\u00d9\u0088\u00d8\u00b1 \u00d8\u00a7\u00d9\u0084\u00d8\u00ba\u00d9\u0084\u00d8\u00a7\u00d9\u0081"
    }
  ],
  "cover_photo": {
    "uri": "posts/media/swralghlaf_HhTBOhWfYA/312845331_110580075190430_3576720236406357132_n_110580078523763.jpg",
    "creation_timestamp": 1667419457,
    "media_metadata": {
      "photo_metadata": {
        "exif_data": [
          {
            "upload_ip": "154.184.215.17",
            "taken_timestamp": 1667419459,
            "orientation": 1
          }
        ]
      }
    },
    "title": "\u00d8\u00b5\u00d9\u0088\u00d8\u00b1 \u00d8\u00a7\u00d9\u0084\u00d8\u00ba\u00d9\u0084\u00d8\u00a7\u00d9\u0081"
  },
  "last_modified_timestamp": 1667419459,
  "description": ""
}