{
  "name": "\u00d8\u00b5\u00d9\u0088\u00d8\u00b1 \u00d8\u00a7\u00d9\u0084\u00d9\u0085\u00d9\u0084\u00d9\u0081 \u00d8\u00a7\u00d9\u0084\u00d8\u00b4\u00d8\u00ae\u00d8\u00b5\u00d9\u008a",
  "photos": [
    {
      "uri": "posts/media/swralmlfalshkhsy_gGXoX4M8Kw/313256181_110580185190419_9005245536811756182_n_110580198523751.jpg",
      "creation_timestamp": 1667419473,
      "media_metadata": {
        "photo_metadata": {
          "exif_data": [
            {
              "upload_ip": "154.184.215.17",
              "taken_timestamp": 1667419476
            }
          ]
        }
      },
      "title": "\u00d8\u00b5\u00d9\u0088\u00d8\u00b1 \u00d8\u00a7\u00d9\u0084\u00d9\u0085\u00d9\u0084\u00d9\u0081 \u00d8\u00a7\u00d9\u0084\u00d8\u00b4\u00d8\u00ae\u00d8\u00b5\u00d9\u008a"
    }
  ],
  "cover_photo": {
    "uri": "posts/media/swralmlfalshkhsy_gGXoX4M8Kw/313256181_110580185190419_9005245536811756182_n_110580198523751.jpg",
    "creation_timestamp": 1667419473,
    "media_metadata": {
      "photo_metadata": {
        "exif_data": [
          {
            "upload_ip": "154.184.215.17",
            "taken_timestamp": 1667419476
          }
        ]
      }
    },
    "title": "\u00d8\u00b5\u00d9\u0088\u00d8\u00b1 \u00d8\u00a7\u00d9\u0084\u00d9\u0085\u00d9\u0084\u00d9\u0081 \u00d8\u00a7\u00d9\u0084\u00d8\u00b4\u00d8\u00ae\u00d8\u00b5\u00d9\u008a"
  },
  "last_modified_timestamp": 1667419476,
  "description": ""
}