{
  "recognized_devices_v2": [
    {
      "name": "\u00e2\u0080\u008f\u00e2\u0080\u008eChrome\u00e2\u0080\u008e\u00e2\u0080\u008f \u00d8\u00b9\u00d9\u0084\u00d9\u0089 \u00e2\u0080\u008f\u00e2\u0080\u008eOPPO A5s\u00e2\u0080\u008e\u00e2\u0080\u008f",
      "created_timestamp": 1669687541,
      "updated_timestamp": 1670052888,
      "ip_address": "154.136.192.208",
      "user_agent": "Mozilla/5.0 (Linux; Android 8.1.0; CPH1909 Build/O11019) AppleWebKit/537.36 (KHTML, like Gecko) Version/4.0 Chrome/107.0.5304.105 Mobile Safari/537.36",
      "datr_cookie": "LBpz********************"
    },
    {
      "name": "\u00e2\u0080\u008f\u00e2\u0080\u008eChrome\u00e2\u0080\u008e\u00e2\u0080\u008f \u00d8\u00b9\u00d9\u0084\u00d9\u0089 \u00e2\u0080\u008f\u00e2\u0080\u008eOPPO A5s\u00e2\u0080\u008e\u00e2\u0080\u008f",
      "created_timestamp": 1669784458,
      "updated_timestamp": 1669786853,
      "ip_address": "154.129.66.51",
      "user_agent": "Mozilla/5.0 (Linux; Android 8.1.0; CPH1909 Build/O11019; wv) AppleWebKit/537.36 (KHTML, like Gecko) Version/4.0 Chrome/107.0.5304.105 Mobile Safari/537.36",
      "datr_cookie": "NkFo********************"
    },
    {
      "name": "Facebook Lite",
      "created_timestamp": 1669673030,
      "updated_timestamp": 1669784382,
      "ip_address": "154.136.96.152",
      "user_agent": "Mozilla/5.0 (Linux; Android 8.1.0; CPH1909) AppleWebKit/537.36 (KHTML, like Gecko) Chrome/107.0.0.0 Mobile Safari/537.36",
      "datr_cookie": "ESWF********************"
    },
    {
      "name": "\u00e2\u0080\u008f\u00e2\u0080\u008eChrome\u00e2\u0080\u008e\u00e2\u0080\u008f \u00d8\u00b9\u00d9\u0084\u00d9\u0089 \u00e2\u0080\u008f\u00e2\u0080\u008eOPPO A5s\u00e2\u0080\u008e\u00e2\u0080\u008f",
      "created_timestamp": 1669320539,
      "updated_timestamp": 1669784382,
      "ip_address": "154.130.125.154",
      "user_agent": "Mozilla/5.0 (Linux; Android 8.1.0; CPH1909) AppleWebKit/537.36 (KHTML, like Gecko) Chrome/107.0.0.0 Mobile Safari/537.36",
      "datr_cookie": "Iuh-********************"
    },
    {
      "name": "\u00e2\u0080\u008f\u00e2\u0080\u008eChrome\u00e2\u0080\u008e\u00e2\u0080\u008f \u00d8\u00b9\u00d9\u0084\u00d9\u0089 \u00e2\u0080\u008f\u00e2\u0080\u008eOPPO A5s\u00e2\u0080\u008e\u00e2\u0080\u008f",
      "created_timestamp": 1669181684,
      "updated_timestamp": 1669784382,
      "ip_address": "154.185.102.192",
      "user_agent": "Mozilla/5.0 (Linux; Android 8.1.0; CPH1909) AppleWebKit/537.36 (KHTML, like Gecko) Chrome/107.0.0.0 Mobile Safari/537.36",
      "datr_cookie": "6Vt0********************"
    },
    {
      "name": "\u00e2\u0080\u008f\u00e2\u0080\u008eFBLite\u00e2\u0080\u008e\u00e2\u0080\u008f \u00d8\u00b9\u00d9\u0084\u00d9\u0089 \u00e2\u0080\u008f\u00e2\u0080\u008eOPPO A5s\u00e2\u0080\u008e\u00e2\u0080\u008f",
      "created_timestamp": 1668475708,
      "updated_timestamp": 1669784382,
      "ip_address": "154.130.230.49",
      "user_agent": "Mozilla/5.0 (Linux; Android 8.1.0; CPH1909 Build/O11019; wv) AppleWebKit/537.36 (KHTML, like Gecko) Version/4.0 Chrome/107.0.5304.105 Mobile Safari/537.36 [FBAN/EMA;FBLC/ar_AR;FBAV/326.0.0.18.97;FBDM/DisplayMetrics{density=2.0, width=720, height=1424, scaledDensity=2.0, xdpi=268.941, ydpi=269.986};]",
      "datr_cookie": "r91y********************"
    },
    {
      "name": "\u00e2\u0080\u008f\u00e2\u0080\u008eFacebook for Android\u00e2\u0080\u008e\u00e2\u0080\u008f \u00d8\u00b9\u00d9\u0084\u00d9\u0089 \u00e2\u0080\u008f\u00e2\u0080\u008eOPPO A5s\u00e2\u0080\u008e",
      "created_timestamp": 1668222593,
      "updated_timestamp": 1669784382,
      "ip_address": "154.133.3.34",
      "user_agent": "[FBAN/FB4A;FBAV/391.1.0.37.104;FBBV/415435236;FBDM/{density=2.0,width=720,height=1424};FBLC/ar_AR;FBRV/418176437;FBCR/Orange EG;FBMF/OPPO;FBBD/OPPO;FBPN/com.facebook.katana;FBDV/CPH1909;FBSV/8.1.0;FBOP/1;FBCA/armeabi-v7a:armeabi;]",
      "datr_cookie": "NkFo********************"
    },
    {
      "name": "\u00e2\u0080\u008f\u00e2\u0080\u008eFBLite\u00e2\u0080\u008e\u00e2\u0080\u008f \u00d8\u00b9\u00d9\u0084\u00d9\u0089 \u00e2\u0080\u008f\u00e2\u0080\u008eOPPO A5s\u00e2\u0080\u008e\u00e2\u0080\u008f",
      "created_timestamp": 1667612880,
      "updated_timestamp": 1669784382,
      "ip_address": "154.136.75.186",
      "user_agent": "Mozilla/5.0 (Linux; Android 8.1.0; CPH1909 Build/O11019; wv) AppleWebKit/537.36 (KHTML, like Gecko) Version/4.0 Chrome/106.0.5249.126 Mobile Safari/537.36 [FBAN/EMA;FBLC/ar_AR;FBAV/325.0.1.4.108;FBDM/DisplayMetrics{density=2.0, width=720, height=1424, scaledDensity=2.0, xdpi=268.941, ydpi=269.986};]",
      "datr_cookie": "6nZk********************"
    }
  ]
}