{
  "account_accesses_v2": [
    {
      "action": "\u00d8\u00aa\u00d8\u00b3\u00d8\u00ac\u00d9\u008a\u00d9\u0084 \u00d8\u00a7\u00d9\u0084\u00d8\u00af\u00d8\u00ae\u00d9\u0088\u00d9\u0084",
      "timestamp": 1670229072,
      "site": "m.facebook.com",
      "ip_address": "154.188.195.112"
    },
    {
      "action": "\u00d8\u00aa\u00d8\u00b3\u00d8\u00ac\u00d9\u008a\u00d9\u0084 \u00d8\u00a7\u00d9\u0084\u00d8\u00ae\u00d8\u00b1\u00d9\u0088\u00d8\u00ac",
      "timestamp": 1670228470,
      "site": "m.facebook.com",
      "ip_address": "154.188.195.112"
    },
    {
      "action": "\u00d8\u00aa\u00d8\u00b3\u00d8\u00ac\u00d9\u008a\u00d9\u0084 \u00d8\u00a7\u00d9\u0084\u00d8\u00af\u00d8\u00ae\u00d9\u0088\u00d9\u0084",
      "timestamp": 1670228207,
      "site": "m.facebook.com",
      "ip_address": "154.188.195.112"
    },
    {
      "action": "\u00d8\u00aa\u00d8\u00b3\u00d8\u00ac\u00d9\u008a\u00d9\u0084 \u00d8\u00a7\u00d9\u0084\u00d8\u00af\u00d8\u00ae\u00d9\u0088\u00d9\u0084",
      "timestamp": 1670228087,
      "site": "m.facebook.com",
      "ip_address": "154.188.195.112"
    },
    {
      "action": "\u00d8\u00aa\u00d8\u00b3\u00d8\u00ac\u00d9\u008a\u00d9\u0084 \u00d8\u00a7\u00d9\u0084\u00d8\u00ae\u00d8\u00b1\u00d9\u0088\u00d8\u00ac",
      "timestamp": 1670227550,
      "site": "m.facebook.com",
      "ip_address": "154.188.195.112"
    },
    {
      "action": "\u00d8\u00aa\u00d8\u00b3\u00d8\u00ac\u00d9\u008a\u00d9\u0084 \u00d8\u00a7\u00d9\u0084\u00d8\u00af\u00d8\u00ae\u00d9\u0088\u00d9\u0084",
      "timestamp": 1670227533,
      "site": "m.facebook.com",
      "ip_address": "154.188.195.112"
    },
    {
      "action": "\u00d8\u00aa\u00d8\u00b3\u00d8\u00ac\u00d9\u008a\u00d9\u0084 \u00d8\u00a7\u00d9\u0084\u00d8\u00ae\u00d8\u00b1\u00d9\u0088\u00d8\u00ac",
      "timestamp": 1670227363,
      "site": "m.facebook.com",
      "ip_address": "154.188.195.112"
    },
    {
      "action": "\u00d8\u00aa\u00d8\u00b3\u00d8\u00ac\u00d9\u008a\u00d9\u0084 \u00d8\u00a7\u00d9\u0084\u00d8\u00af\u00d8\u00ae\u00d9\u0088\u00d9\u0084",
      "timestamp": 1670226518,
      "site": "m.facebook.com",
      "ip_address": "154.188.195.112"
    },
    {
      "action": "\u00d8\u00aa\u00d8\u00b3\u00d8\u00ac\u00d9\u008a\u00d9\u0084 \u00d8\u00a7\u00d9\u0084\u00d8\u00ae\u00d8\u00b1\u00d9\u0088\u00d8\u00ac",
      "timestamp": 1670224904,
      "site": "m.facebook.com",
      "ip_address": "154.188.195.112"
    },
    {
      "action": "\u00d8\u00aa\u00d8\u00b3\u00d8\u00ac\u00d9\u008a\u00d9\u0084 \u00d8\u00a7\u00d9\u0084\u00d8\u00af\u00d8\u00ae\u00d9\u0088\u00d9\u0084",
      "timestamp": 1670208542,
      "site": "www.facebook.com",
      "ip_address": "154.188.195.112"
    },
    {
      "action": "\u00d8\u00aa\u00d8\u00b3\u00d8\u00ac\u00d9\u008a\u00d9\u0084 \u00d8\u00a7\u00d9\u0084\u00d8\u00af\u00d8\u00ae\u00d9\u0088\u00d9\u0084",
      "timestamp": 1670208525,
      "site": "www.facebook.com",
      "ip_address": "154.188.195.112"
    },
    {
      "action": "\u00d8\u00aa\u00d8\u00b3\u00d8\u00ac\u00d9\u008a\u00d9\u0084 \u00d8\u00a7\u00d9\u0084\u00d8\u00af\u00d8\u00ae\u00d9\u0088\u00d9\u0084",
      "timestamp": 1670206051,
      "site": "m.facebook.com",
      "ip_address": "154.188.195.112"
    },
    {
      "action": "\u00d8\u00aa\u00d8\u00b3\u00d8\u00ac\u00d9\u008a\u00d9\u0084 \u00d8\u00a7\u00d9\u0084\u00d8\u00ae\u00d8\u00b1\u00d9\u0088\u00d8\u00ac",
      "timestamp": 1670204327,
      "site": "m.facebook.com",
      "ip_address": "154.188.195.112"
    },
    {
      "action": "\u00d8\u00aa\u00d8\u00b3\u00d8\u00ac\u00d9\u008a\u00d9\u0084 \u00d8\u00a7\u00d9\u0084\u00d8\u00ae\u00d8\u00b1\u00d9\u0088\u00d8\u00ac",
      "timestamp": 1670204227,
      "site": "m.facebook.com",
      "ip_address": "154.188.195.112"
    },
    {
      "action": "\u00d8\u00aa\u00d8\u00b3\u00d8\u00ac\u00d9\u008a\u00d9\u0084 \u00d8\u00a7\u00d9\u0084\u00d8\u00ae\u00d8\u00b1\u00d9\u0088\u00d8\u00ac",
      "timestamp": 1670204193,
      "site": "m.facebook.com",
      "ip_address": "154.188.195.112"
    },
    {
      "action": "\u00d8\u00aa\u00d8\u00b3\u00d8\u00ac\u00d9\u008a\u00d9\u0084 \u00d8\u00a7\u00d9\u0084\u00d8\u00af\u00d8\u00ae\u00d9\u0088\u00d9\u0084",
      "timestamp": 1670203518,
      "site": "www.facebook.com",
      "ip_address": "154.188.195.112"
    },
    {
      "action": "\u00d8\u00aa\u00d8\u00b3\u00d8\u00ac\u00d9\u008a\u00d9\u0084 \u00d8\u00a7\u00d9\u0084\u00d8\u00af\u00d8\u00ae\u00d9\u0088\u00d9\u0084",
      "timestamp": 1670203418,
      "site": "www.facebook.com",
      "ip_address": "154.188.195.112"
    },
    {
      "action": "\u00d8\u00aa\u00d8\u00b3\u00d8\u00ac\u00d9\u008a\u00d9\u0084 \u00d8\u00a7\u00d9\u0084\u00d8\u00af\u00d8\u00ae\u00d9\u0088\u00d9\u0084",
      "timestamp": 1670201331,
      "site": "m.facebook.com",
      "ip_address": "154.184.216.77"
    },
    {
      "action": "\u00d8\u00aa\u00d8\u00b3\u00d8\u00ac\u00d9\u008a\u00d9\u0084 \u00d8\u00a7\u00d9\u0084\u00d8\u00ae\u00d8\u00b1\u00d9\u0088\u00d8\u00ac",
      "timestamp": 1670111886,
      "site": "m.facebook.com",
      "ip_address": "154.189.10.84"
    },
    {
      "action": "\u00d8\u00aa\u00d8\u00b3\u00d8\u00ac\u00d9\u008a\u00d9\u0084 \u00d8\u00a7\u00d9\u0084\u00d8\u00ae\u00d8\u00b1\u00d9\u0088\u00d8\u00ac",
      "timestamp": 1670111268,
      "site": "m.facebook.com",
      "ip_address": "154.189.10.84"
    },
    {
      "action": "\u00d8\u00aa\u00d8\u00b3\u00d8\u00ac\u00d9\u008a\u00d9\u0084 \u00d8\u00a7\u00d9\u0084\u00d8\u00af\u00d8\u00ae\u00d9\u0088\u00d9\u0084",
      "timestamp": 1670111047,
      "site": "m.facebook.com",
      "ip_address": "154.189.10.84"
    },
    {
      "action": "\u00d8\u00aa\u00d8\u00b3\u00d8\u00ac\u00d9\u008a\u00d9\u0084 \u00d8\u00a7\u00d9\u0084\u00d8\u00ae\u00d8\u00b1\u00d9\u0088\u00d8\u00ac",
      "timestamp": 1670109306,
      "site": "m.facebook.com",
      "ip_address": "154.189.10.84"
    },
    {
      "action": "\u00d8\u00aa\u00d8\u00b3\u00d8\u00ac\u00d9\u008a\u00d9\u0084 \u00d8\u00a7\u00d9\u0084\u00d8\u00af\u00d8\u00ae\u00d9\u0088\u00d9\u0084",
      "timestamp": 1670107621,
      "site": "m.facebook.com",
      "ip_address": "154.189.10.84"
    },
    {
      "action": "\u00d8\u00aa\u00d8\u00b3\u00d8\u00ac\u00d9\u008a\u00d9\u0084 \u00d8\u00a7\u00d9\u0084\u00d8\u00ae\u00d8\u00b1\u00d9\u0088\u00d8\u00ac",
      "timestamp": 1670107458,
      "site": "m.facebook.com",
      "ip_address": "154.189.10.84"
    },
    {
      "action": "\u00d8\u00aa\u00d8\u00b3\u00d8\u00ac\u00d9\u008a\u00d9\u0084 \u00d8\u00a7\u00d9\u0084\u00d8\u00af\u00d8\u00ae\u00d9\u0088\u00d9\u0084",
      "timestamp": 1670107410,
      "site": "m.facebook.com",
      "ip_address": "154.189.10.84"
    },
    {
      "action": "\u00d8\u00aa\u00d8\u00b3\u00d8\u00ac\u00d9\u008a\u00d9\u0084 \u00d8\u00a7\u00d9\u0084\u00d8\u00af\u00d8\u00ae\u00d9\u0088\u00d9\u0084",
      "timestamp": 1670098208,
      "site": "m.facebook.com",
      "ip_address": "154.186.11.133"
    },
    {
      "action": "\u00d8\u00aa\u00d8\u00b3\u00d8\u00ac\u00d9\u008a\u00d9\u0084 \u00d8\u00a7\u00d9\u0084\u00d8\u00af\u00d8\u00ae\u00d9\u0088\u00d9\u0084",
      "timestamp": 1670087282,
      "site": "www.facebook.com",
      "ip_address": "154.134.58.35"
    },
    {
      "action": "\u00d8\u00aa\u00d8\u00b3\u00d8\u00ac\u00d9\u008a\u00d9\u0084 \u00d8\u00a7\u00d9\u0084\u00d8\u00af\u00d8\u00ae\u00d9\u0088\u00d9\u0084",
      "timestamp": 1670053946,
      "site": "m.facebook.com",
      "ip_address": "154.136.165.179"
    },
    {
      "action": "\u00d8\u00aa\u00d8\u00b3\u00d8\u00ac\u00d9\u008a\u00d9\u0084 \u00d8\u00a7\u00d9\u0084\u00d8\u00ae\u00d8\u00b1\u00d9\u0088\u00d8\u00ac",
      "timestamp": 1670053902,
      "site": "m.facebook.com",
      "ip_address": "154.136.165.179"
    },
    {
      "action": "\u00d8\u00aa\u00d8\u00b3\u00d8\u00ac\u00d9\u008a\u00d9\u0084 \u00d8\u00a7\u00d9\u0084\u00d8\u00af\u00d8\u00ae\u00d9\u0088\u00d9\u0084",
      "timestamp": 1670053460,
      "site": "m.facebook.com",
      "ip_address": "154.136.165.179"
    },
    {
      "action": "\u00d8\u00aa\u00d8\u00b3\u00d8\u00ac\u00d9\u008a\u00d9\u0084 \u00d8\u00a7\u00d9\u0084\u00d8\u00ae\u00d8\u00b1\u00d9\u0088\u00d8\u00ac",
      "timestamp": 1670052952,
      "site": "m.facebook.com",
      "ip_address": "154.136.165.179"
    },
    {
      "action": "\u00d8\u00aa\u00d8\u00b3\u00d8\u00ac\u00d9\u008a\u00d9\u0084 \u00d8\u00a7\u00d9\u0084\u00d8\u00af\u00d8\u00ae\u00d9\u0088\u00d9\u0084",
      "timestamp": 1669949618,
      "site": "m.facebook.com",
      "ip_address": "154.130.73.232"
    },
    {
      "action": "\u00d8\u00aa\u00d8\u00b3\u00d8\u00ac\u00d9\u008a\u00d9\u0084 \u00d8\u00a7\u00d9\u0084\u00d8\u00ae\u00d8\u00b1\u00d9\u0088\u00d8\u00ac",
      "timestamp": 1669949086,
      "site": "m.facebook.com",
      "ip_address": "154.131.57.182"
    },
    {
      "action": "\u00d8\u00aa\u00d8\u00b3\u00d8\u00ac\u00d9\u008a\u00d9\u0084 \u00d8\u00a7\u00d9\u0084\u00d8\u00ae\u00d8\u00b1\u00d9\u0088\u00d8\u00ac",
      "timestamp": 1669827439,
      "site": "m.facebook.com",
      "ip_address": "156.211.10.3"
    },
    {
      "action": "\u00d8\u00aa\u00d8\u00b3\u00d8\u00ac\u00d9\u008a\u00d9\u0084 \u00d8\u00a7\u00d9\u0084\u00d8\u00ae\u00d8\u00b1\u00d9\u0088\u00d8\u00ac",
      "timestamp": 1669784075,
      "site": "m.facebook.com",
      "ip_address": "154.129.66.51"
    },
    {
      "action": "\u00d8\u00aa\u00d8\u00b3\u00d8\u00ac\u00d9\u008a\u00d9\u0084 \u00d8\u00a7\u00d9\u0084\u00d8\u00af\u00d8\u00ae\u00d9\u0088\u00d9\u0084",
      "timestamp": 1669783853,
      "site": "m.facebook.com",
      "ip_address": "154.129.66.51"
    },
    {
      "action": "\u00d8\u00aa\u00d8\u00b3\u00d8\u00ac\u00d9\u008a\u00d9\u0084 \u00d8\u00a7\u00d9\u0084\u00d8\u00af\u00d8\u00ae\u00d9\u0088\u00d9\u0084",
      "timestamp": 1669782252,
      "site": "www.facebook.com",
      "ip_address": "154.129.66.51"
    },
    {
      "action": "\u00d8\u00aa\u00d8\u00b3\u00d8\u00ac\u00d9\u008a\u00d9\u0084 \u00d8\u00a7\u00d9\u0084\u00d8\u00ae\u00d8\u00b1\u00d9\u0088\u00d8\u00ac",
      "timestamp": 1669782243,
      "site": "www.facebook.com",
      "ip_address": "154.129.66.51"
    },
    {
      "action": "\u00d8\u00aa\u00d8\u00b3\u00d8\u00ac\u00d9\u008a\u00d9\u0084 \u00d8\u00a7\u00d9\u0084\u00d8\u00af\u00d8\u00ae\u00d9\u0088\u00d9\u0084",
      "timestamp": 1669781368,
      "site": "www.facebook.com",
      "ip_address": "154.129.66.51"
    },
    {
      "action": "\u00d8\u00aa\u00d8\u00b3\u00d8\u00ac\u00d9\u008a\u00d9\u0084 \u00d8\u00a7\u00d9\u0084\u00d8\u00ae\u00d8\u00b1\u00d9\u0088\u00d8\u00ac",
      "timestamp": 1669780933,
      "site": "www.facebook.com",
      "ip_address": "154.129.66.51"
    },
    {
      "action": "\u00d8\u00aa\u00d8\u00b3\u00d8\u00ac\u00d9\u008a\u00d9\u0084 \u00d8\u00a7\u00d9\u0084\u00d8\u00af\u00d8\u00ae\u00d9\u0088\u00d9\u0084",
      "timestamp": 1669780183,
      "site": "m.facebook.com",
      "ip_address": "154.129.66.51"
    },
    {
      "action": "\u00d8\u00aa\u00d8\u00b3\u00d8\u00ac\u00d9\u008a\u00d9\u0084 \u00d8\u00a7\u00d9\u0084\u00d8\u00af\u00d8\u00ae\u00d9\u0088\u00d9\u0084",
      "timestamp": 1669780072,
      "site": "www.facebook.com",
      "ip_address": "154.129.66.51"
    },
    {
      "action": "\u00d8\u00aa\u00d8\u00b3\u00d8\u00ac\u00d9\u008a\u00d9\u0084 \u00d8\u00a7\u00d9\u0084\u00d8\u00ae\u00d8\u00b1\u00d9\u0088\u00d8\u00ac",
      "timestamp": 1669778266,
      "site": "www.facebook.com",
      "ip_address": "154.129.66.51"
    },
    {
      "action": "\u00d8\u00aa\u00d8\u00b3\u00d8\u00ac\u00d9\u008a\u00d9\u0084 \u00d8\u00a7\u00d9\u0084\u00d8\u00af\u00d8\u00ae\u00d9\u0088\u00d9\u0084",
      "timestamp": 1669687547,
      "site": "m.facebook.com",
      "ip_address": "154.136.192.208"
    },
    {
      "action": "\u00d8\u00aa\u00d8\u00b3\u00d8\u00ac\u00d9\u008a\u00d9\u0084 \u00d8\u00a7\u00d9\u0084\u00d8\u00ae\u00d8\u00b1\u00d9\u0088\u00d8\u00ac",
      "timestamp": 1669683098,
      "site": "www.facebook.com",
      "ip_address": "154.136.192.208"
    },
    {
      "action": "\u00d8\u00aa\u00d8\u00b3\u00d8\u00ac\u00d9\u008a\u00d9\u0084 \u00d8\u00a7\u00d9\u0084\u00d8\u00ae\u00d8\u00b1\u00d9\u0088\u00d8\u00ac",
      "timestamp": 1669683010,
      "site": "www.facebook.com",
      "ip_address": "154.136.192.208"
    },
    {
      "action": "\u00d8\u00aa\u00d8\u00b3\u00d8\u00ac\u00d9\u008a\u00d9\u0084 \u00d8\u00a7\u00d9\u0084\u00d8\u00af\u00d8\u00ae\u00d9\u0088\u00d9\u0084",
      "timestamp": 1669682966,
      "site": "www.facebook.com",
      "ip_address": "154.136.192.208"
    },
    {
      "action": "\u00d8\u00aa\u00d8\u00b3\u00d8\u00ac\u00d9\u008a\u00d9\u0084 \u00d8\u00a7\u00d9\u0084\u00d8\u00af\u00d8\u00ae\u00d9\u0088\u00d9\u0084",
      "timestamp": 1669682269,
      "site": "www.facebook.com",
      "ip_address": "154.136.192.208"
    },
    {
      "action": "\u00d8\u00aa\u00d8\u00b3\u00d8\u00ac\u00d9\u008a\u00d9\u0084 \u00d8\u00a7\u00d9\u0084\u00d8\u00ae\u00d8\u00b1\u00d9\u0088\u00d8\u00ac",
      "timestamp": 1669681710,
      "site": "m.facebook.com",
      "ip_address": "197.151.45.191"
    },
    {
      "action": "\u00d8\u00aa\u00d8\u00b3\u00d8\u00ac\u00d9\u008a\u00d9\u0084 \u00d8\u00a7\u00d9\u0084\u00d8\u00af\u00d8\u00ae\u00d9\u0088\u00d9\u0084",
      "timestamp": 1669673032,
      "site": "m.facebook.com",
      "ip_address": "154.136.96.152"
    },
    {
      "action": "\u00d8\u00aa\u00d8\u00b3\u00d8\u00ac\u00d9\u008a\u00d9\u0084 \u00d8\u00a7\u00d9\u0084\u00d8\u00af\u00d8\u00ae\u00d9\u0088\u00d9\u0084",
      "timestamp": 1669670339,
      "site": "www.facebook.com",
      "ip_address": "154.130.251.119"
    },
    {
      "action": "\u00d8\u00aa\u00d8\u00b3\u00d8\u00ac\u00d9\u008a\u00d9\u0084 \u00d8\u00a7\u00d9\u0084\u00d8\u00ae\u00d8\u00b1\u00d9\u0088\u00d8\u00ac",
      "timestamp": 1669670338,
      "site": "www.facebook.com",
      "ip_address": "154.132.13.188"
    },
    {
      "action": "\u00d8\u00aa\u00d8\u00b3\u00d8\u00ac\u00d9\u008a\u00d9\u0084 \u00d8\u00a7\u00d9\u0084\u00d8\u00ae\u00d8\u00b1\u00d9\u0088\u00d8\u00ac",
      "timestamp": 1669670112,
      "site": "www.facebook.com",
      "ip_address": "154.132.13.188"
    },
    {
      "action": "\u00d8\u00aa\u00d8\u00b3\u00d8\u00ac\u00d9\u008a\u00d9\u0084 \u00d8\u00a7\u00d9\u0084\u00d8\u00af\u00d8\u00ae\u00d9\u0088\u00d9\u0084",
      "timestamp": 1669578614,
      "site": "www.facebook.com",
      "ip_address": "156.210.223.6"
    },
    {
      "action": "\u00d8\u00aa\u00d8\u00b3\u00d8\u00ac\u00d9\u008a\u00d9\u0084 \u00d8\u00a7\u00d9\u0084\u00d8\u00af\u00d8\u00ae\u00d9\u0088\u00d9\u0084",
      "timestamp": 1669578325,
      "site": "m.facebook.com",
      "ip_address": "156.210.223.6"
    },
    {
      "action": "\u00d8\u00aa\u00d8\u00b3\u00d8\u00ac\u00d9\u008a\u00d9\u0084 \u00d8\u00a7\u00d9\u0084\u00d8\u00af\u00d8\u00ae\u00d9\u0088\u00d9\u0084",
      "timestamp": 1669577994,
      "site": "m.facebook.com",
      "ip_address": "156.210.223.6"
    },
    {
      "action": "\u00d8\u00aa\u00d8\u00b3\u00d8\u00ac\u00d9\u008a\u00d9\u0084 \u00d8\u00a7\u00d9\u0084\u00d8\u00af\u00d8\u00ae\u00d9\u0088\u00d9\u0084",
      "timestamp": 1669577767,
      "site": "m.facebook.com",
      "ip_address": "156.210.223.6"
    },
    {
      "action": "\u00d8\u00aa\u00d8\u00b3\u00d8\u00ac\u00d9\u008a\u00d9\u0084 \u00d8\u00a7\u00d9\u0084\u00d8\u00ae\u00d8\u00b1\u00d9\u0088\u00d8\u00ac",
      "timestamp": 1669490898,
      "site": "www.facebook.com",
      "ip_address": "154.133.191.181"
    },
    {
      "action": "\u00d8\u00aa\u00d8\u00b3\u00d8\u00ac\u00d9\u008a\u00d9\u0084 \u00d8\u00a7\u00d9\u0084\u00d8\u00af\u00d8\u00ae\u00d9\u0088\u00d9\u0084",
      "timestamp": 1669490877,
      "site": "www.facebook.com",
      "ip_address": "154.133.191.181"
    },
    {
      "action": "\u00d8\u00aa\u00d8\u00b3\u00d8\u00ac\u00d9\u008a\u00d9\u0084 \u00d8\u00a7\u00d9\u0084\u00d8\u00ae\u00d8\u00b1\u00d9\u0088\u00d8\u00ac",
      "timestamp": 1669490853,
      "site": "www.facebook.com",
      "ip_address": "154.133.191.181"
    },
    {
      "action": "\u00d8\u00aa\u00d8\u00b3\u00d8\u00ac\u00d9\u008a\u00d9\u0084 \u00d8\u00a7\u00d9\u0084\u00d8\u00ae\u00d8\u00b1\u00d9\u0088\u00d8\u00ac",
      "timestamp": 1669324915,
      "site": "m.facebook.com",
      "ip_address": "154.185.95.66"
    },
    {
      "action": "\u00d8\u00aa\u00d8\u00b3\u00d8\u00ac\u00d9\u008a\u00d9\u0084 \u00d8\u00a7\u00d9\u0084\u00d8\u00af\u00d8\u00ae\u00d9\u0088\u00d9\u0084",
      "timestamp": 1669320540,
      "site": "m.facebook.com",
      "ip_address": "154.130.125.154"
    },
    {
      "action": "\u00d8\u00aa\u00d8\u00b3\u00d8\u00ac\u00d9\u008a\u00d9\u0084 \u00d8\u00a7\u00d9\u0084\u00d8\u00af\u00d8\u00ae\u00d9\u0088\u00d9\u0084",
      "timestamp": 1669319282,
      "site": "www.facebook.com",
      "ip_address": "154.130.125.154"
    },
    {
      "action": "\u00d8\u00aa\u00d8\u00b3\u00d8\u00ac\u00d9\u008a\u00d9\u0084 \u00d8\u00a7\u00d9\u0084\u00d8\u00ae\u00d8\u00b1\u00d9\u0088\u00d8\u00ac",
      "timestamp": 1669269728,
      "site": "www.facebook.com",
      "ip_address": "154.185.102.192"
    },
    {
      "action": "\u00d8\u00aa\u00d8\u00b3\u00d8\u00ac\u00d9\u008a\u00d9\u0084 \u00d8\u00a7\u00d9\u0084\u00d8\u00ae\u00d8\u00b1\u00d9\u0088\u00d8\u00ac",
      "timestamp": 1669268586,
      "site": "www.facebook.com",
      "ip_address": "154.185.102.192"
    },
    {
      "action": "\u00d8\u00aa\u00d8\u00b3\u00d8\u00ac\u00d9\u008a\u00d9\u0084 \u00d8\u00a7\u00d9\u0084\u00d8\u00af\u00d8\u00ae\u00d9\u0088\u00d9\u0084",
      "timestamp": 1669266174,
      "site": "www.facebook.com",
      "ip_address": "154.185.102.192"
    },
    {
      "action": "\u00d8\u00aa\u00d8\u00b3\u00d8\u00ac\u00d9\u008a\u00d9\u0084 \u00d8\u00a7\u00d9\u0084\u00d8\u00ae\u00d8\u00b1\u00d9\u0088\u00d8\u00ac",
      "timestamp": 1669265804,
      "site": "m.facebook.com",
      "ip_address": "154.185.102.192"
    },
    {
      "action": "\u00d8\u00aa\u00d8\u00b3\u00d8\u00ac\u00d9\u008a\u00d9\u0084 \u00d8\u00a7\u00d9\u0084\u00d8\u00af\u00d8\u00ae\u00d9\u0088\u00d9\u0084",
      "timestamp": 1669262179,
      "site": "www.facebook.com",
      "ip_address": "154.185.102.192"
    },
    {
      "action": "\u00d8\u00aa\u00d8\u00b3\u00d8\u00ac\u00d9\u008a\u00d9\u0084 \u00d8\u00a7\u00d9\u0084\u00d8\u00ae\u00d8\u00b1\u00d9\u0088\u00d8\u00ac",
      "timestamp": 1669261982,
      "site": "m.facebook.com",
      "ip_address": "154.185.102.192"
    },
    {
      "action": "\u00d8\u00aa\u00d8\u00b3\u00d8\u00ac\u00d9\u008a\u00d9\u0084 \u00d8\u00a7\u00d9\u0084\u00d8\u00af\u00d8\u00ae\u00d9\u0088\u00d9\u0084",
      "timestamp": 1669261347,
      "site": "www.facebook.com",
      "ip_address": "154.185.102.192"
    },
    {
      "action": "\u00d8\u00aa\u00d8\u00b3\u00d8\u00ac\u00d9\u008a\u00d9\u0084 \u00d8\u00a7\u00d9\u0084\u00d8\u00ae\u00d8\u00b1\u00d9\u0088\u00d8\u00ac",
      "timestamp": 1669256936,
      "site": "www.facebook.com",
      "ip_address": "154.185.102.192"
    },
    {
      "action": "\u00d8\u00aa\u00d8\u00b3\u00d8\u00ac\u00d9\u008a\u00d9\u0084 \u00d8\u00a7\u00d9\u0084\u00d8\u00af\u00d8\u00ae\u00d9\u0088\u00d9\u0084",
      "timestamp": 1669256936,
      "site": "www.facebook.com",
      "ip_address": "154.185.102.192"
    },
    {
      "action": "\u00d8\u00aa\u00d8\u00b3\u00d8\u00ac\u00d9\u008a\u00d9\u0084 \u00d8\u00a7\u00d9\u0084\u00d8\u00ae\u00d8\u00b1\u00d9\u0088\u00d8\u00ac",
      "timestamp": 1669256522,
      "site": "www.facebook.com",
      "ip_address": "154.185.102.192"
    },
    {
      "action": "\u00d8\u00aa\u00d8\u00b3\u00d8\u00ac\u00d9\u008a\u00d9\u0084 \u00d8\u00a7\u00d9\u0084\u00d8\u00ae\u00d8\u00b1\u00d9\u0088\u00d8\u00ac",
      "timestamp": 1669254824,
      "site": "www.facebook.com",
      "ip_address": "154.185.102.192"
    },
    {
      "action": "\u00d8\u00aa\u00d8\u00b3\u00d8\u00ac\u00d9\u008a\u00d9\u0084 \u00d8\u00a7\u00d9\u0084\u00d8\u00af\u00d8\u00ae\u00d9\u0088\u00d9\u0084",
      "timestamp": 1669253954,
      "site": "www.facebook.com",
      "ip_address": "154.185.102.192"
    },
    {
      "action": "\u00d8\u00aa\u00d8\u00b3\u00d8\u00ac\u00d9\u008a\u00d9\u0084 \u00d8\u00a7\u00d9\u0084\u00d8\u00ae\u00d8\u00b1\u00d9\u0088\u00d8\u00ac",
      "timestamp": 1669183910,
      "site": "www.facebook.com",
      "ip_address": "154.185.102.192"
    },
    {
      "action": "\u00d8\u00aa\u00d8\u00b3\u00d8\u00ac\u00d9\u008a\u00d9\u0084 \u00d8\u00a7\u00d9\u0084\u00d8\u00af\u00d8\u00ae\u00d9\u0088\u00d9\u0084",
      "timestamp": 1669183454,
      "site": "www.facebook.com",
      "ip_address": "154.185.102.192"
    },
    {
      "action": "\u00d8\u00aa\u00d8\u00b3\u00d8\u00ac\u00d9\u008a\u00d9\u0084 \u00d8\u00a7\u00d9\u0084\u00d8\u00ae\u00d8\u00b1\u00d9\u0088\u00d8\u00ac",
      "timestamp": 1669183449,
      "site": "www.facebook.com",
      "ip_address": "154.185.102.192"
    },
    {
      "action": "\u00d8\u00aa\u00d8\u00b3\u00d8\u00ac\u00d9\u008a\u00d9\u0084 \u00d8\u00a7\u00d9\u0084\u00d8\u00af\u00d8\u00ae\u00d9\u0088\u00d9\u0084",
      "timestamp": 1669183438,
      "site": "www.facebook.com",
      "ip_address": "154.185.102.192"
    },
    {
      "action": "\u00d8\u00aa\u00d8\u00b3\u00d8\u00ac\u00d9\u008a\u00d9\u0084 \u00d8\u00a7\u00d9\u0084\u00d8\u00af\u00d8\u00ae\u00d9\u0088\u00d9\u0084",
      "timestamp": 1669183253,
      "site": "www.facebook.com",
      "ip_address": "154.185.102.192"
    },
    {
      "action": "\u00d8\u00aa\u00d8\u00b3\u00d8\u00ac\u00d9\u008a\u00d9\u0084 \u00d8\u00a7\u00d9\u0084\u00d8\u00ae\u00d8\u00b1\u00d9\u0088\u00d8\u00ac",
      "timestamp": 1669182332,
      "site": "www.facebook.com",
      "ip_address": "154.185.102.192"
    },
    {
      "action": "\u00d8\u00aa\u00d8\u00b3\u00d8\u00ac\u00d9\u008a\u00d9\u0084 \u00d8\u00a7\u00d9\u0084\u00d8\u00af\u00d8\u00ae\u00d9\u0088\u00d9\u0084",
      "timestamp": 1669182305,
      "site": "www.facebook.com",
      "ip_address": "154.185.102.192"
    },
    {
      "action": "\u00d8\u00aa\u00d8\u00b3\u00d8\u00ac\u00d9\u008a\u00d9\u0084 \u00d8\u00a7\u00d9\u0084\u00d8\u00af\u00d8\u00ae\u00d9\u0088\u00d9\u0084",
      "timestamp": 1669182131,
      "site": "www.facebook.com",
      "ip_address": "154.185.102.192"
    },
    {
      "action": "\u00d8\u00aa\u00d8\u00b3\u00d8\u00ac\u00d9\u008a\u00d9\u0084 \u00d8\u00a7\u00d9\u0084\u00d8\u00ae\u00d8\u00b1\u00d9\u0088\u00d8\u00ac",
      "timestamp": 1669182007,
      "site": "www.facebook.com",
      "ip_address": "154.185.102.192"
    },
    {
      "action": "\u00d8\u00aa\u00d8\u00b3\u00d8\u00ac\u00d9\u008a\u00d9\u0084 \u00d8\u00a7\u00d9\u0084\u00d8\u00af\u00d8\u00ae\u00d9\u0088\u00d9\u0084",
      "timestamp": 1669181828,
      "site": "m.facebook.com",
      "ip_address": "154.185.102.192"
    },
    {
      "action": "\u00d8\u00aa\u00d8\u00b3\u00d8\u00ac\u00d9\u008a\u00d9\u0084 \u00d8\u00a7\u00d9\u0084\u00d8\u00ae\u00d8\u00b1\u00d9\u0088\u00d8\u00ac",
      "timestamp": 1669181810,
      "site": "m.facebook.com",
      "ip_address": "154.185.102.192"
    },
    {
      "action": "\u00d8\u00aa\u00d8\u00b3\u00d8\u00ac\u00d9\u008a\u00d9\u0084 \u00d8\u00a7\u00d9\u0084\u00d8\u00af\u00d8\u00ae\u00d9\u0088\u00d9\u0084",
      "timestamp": 1669181781,
      "site": "m.facebook.com",
      "ip_address": "154.185.102.192"
    },
    {
      "action": "\u00d8\u00aa\u00d8\u00b3\u00d8\u00ac\u00d9\u008a\u00d9\u0084 \u00d8\u00a7\u00d9\u0084\u00d8\u00ae\u00d8\u00b1\u00d9\u0088\u00d8\u00ac",
      "timestamp": 1669181737,
      "site": "m.facebook.com",
      "ip_address": "154.185.102.192"
    },
    {
      "action": "\u00d8\u00aa\u00d8\u00b3\u00d8\u00ac\u00d9\u008a\u00d9\u0084 \u00d8\u00a7\u00d9\u0084\u00d8\u00af\u00d8\u00ae\u00d9\u0088\u00d9\u0084",
      "timestamp": 1669181686,
      "site": "m.facebook.com",
      "ip_address": "154.185.102.192"
    },
    {
      "action": "\u00d8\u00aa\u00d8\u00b3\u00d8\u00ac\u00d9\u008a\u00d9\u0084 \u00d8\u00a7\u00d9\u0084\u00d8\u00af\u00d8\u00ae\u00d9\u0088\u00d9\u0084",
      "timestamp": 1669181163,
      "site": "www.facebook.com",
      "ip_address": "154.185.102.192"
    },
    {
      "action": "\u00d8\u00aa\u00d8\u00b3\u00d8\u00ac\u00d9\u008a\u00d9\u0084 \u00d8\u00a7\u00d9\u0084\u00d8\u00ae\u00d8\u00b1\u00d9\u0088\u00d8\u00ac",
      "timestamp": 1669181115,
      "site": "m.facebook.com",
      "ip_address": "154.185.102.192"
    },
    {
      "action": "\u00d8\u00aa\u00d8\u00b3\u00d8\u00ac\u00d9\u008a\u00d9\u0084 \u00d8\u00a7\u00d9\u0084\u00d8\u00ae\u00d8\u00b1\u00d9\u0088\u00d8\u00ac",
      "timestamp": 1669180802,
      "site": "www.facebook.com",
      "ip_address": "154.185.102.192"
    },
    {
      "action": "\u00d8\u00aa\u00d8\u00b3\u00d8\u00ac\u00d9\u008a\u00d9\u0084 \u00d8\u00a7\u00d9\u0084\u00d8\u00af\u00d8\u00ae\u00d9\u0088\u00d9\u0084",
      "timestamp": 1669180218,
      "site": "m.facebook.com",
      "ip_address": "154.185.102.192"
    },
    {
      "action": "\u00d8\u00aa\u00d8\u00b3\u00d8\u00ac\u00d9\u008a\u00d9\u0084 \u00d8\u00a7\u00d9\u0084\u00d8\u00af\u00d8\u00ae\u00d9\u0088\u00d9\u0084",
      "timestamp": 1669177677,
      "site": "www.facebook.com",
      "ip_address": "154.185.102.192"
    },
    {
      "action": "\u00d8\u00aa\u00d8\u00b3\u00d8\u00ac\u00d9\u008a\u00d9\u0084 \u00d8\u00a7\u00d9\u0084\u00d8\u00af\u00d8\u00ae\u00d9\u0088\u00d9\u0084",
      "timestamp": 1669172006,
      "site": "www.facebook.com",
      "ip_address": "154.185.102.192"
    },
    {
      "action": "\u00d8\u00aa\u00d8\u00b3\u00d8\u00ac\u00d9\u008a\u00d9\u0084 \u00d8\u00a7\u00d9\u0084\u00d8\u00ae\u00d8\u00b1\u00d9\u0088\u00d8\u00ac",
      "timestamp": 1669170810,
      "site": "www.facebook.com",
      "ip_address": "154.185.102.192"
    },
    {
      "action": "\u00d8\u00aa\u00d8\u00b3\u00d8\u00ac\u00d9\u008a\u00d9\u0084 \u00d8\u00a7\u00d9\u0084\u00d8\u00af\u00d8\u00ae\u00d9\u0088\u00d9\u0084",
      "timestamp": 1669170792,
      "site": "m.facebook.com",
      "ip_address": "154.185.102.192"
    },
    {
      "action": "\u00d8\u00aa\u00d8\u00b3\u00d8\u00ac\u00d9\u008a\u00d9\u0084 \u00d8\u00a7\u00d9\u0084\u00d8\u00af\u00d8\u00ae\u00d9\u0088\u00d9\u0084",
      "timestamp": 1669170745,
      "site": "m.facebook.com",
      "ip_address": "154.185.102.192"
    },
    {
      "action": "\u00d8\u00aa\u00d8\u00b3\u00d8\u00ac\u00d9\u008a\u00d9\u0084 \u00d8\u00a7\u00d9\u0084\u00d8\u00ae\u00d8\u00b1\u00d9\u0088\u00d8\u00ac",
      "timestamp": 1669170598,
      "site": "m.facebook.com",
      "ip_address": "154.185.102.192"
    },
    {
      "action": "\u00d8\u00aa\u00d8\u00b3\u00d8\u00ac\u00d9\u008a\u00d9\u0084 \u00d8\u00a7\u00d9\u0084\u00d8\u00af\u00d8\u00ae\u00d9\u0088\u00d9\u0084",
      "timestamp": 1669169483,
      "site": "m.facebook.com",
      "ip_address": "154.185.102.192"
    },
    {
      "action": "\u00d8\u00aa\u00d8\u00b3\u00d8\u00ac\u00d9\u008a\u00d9\u0084 \u00d8\u00a7\u00d9\u0084\u00d8\u00af\u00d8\u00ae\u00d9\u0088\u00d9\u0084",
      "timestamp": 1669168075,
      "site": "www.facebook.com",
      "ip_address": "154.185.102.192"
    },
    {
      "action": "\u00d8\u00aa\u00d8\u00b3\u00d8\u00ac\u00d9\u008a\u00d9\u0084 \u00d8\u00a7\u00d9\u0084\u00d8\u00af\u00d8\u00ae\u00d9\u0088\u00d9\u0084",
      "timestamp": 1669080245,
      "site": "www.facebook.com",
      "ip_address": "154.190.52.206"
    },
    {
      "action": "\u00d8\u00aa\u00d8\u00b3\u00d8\u00ac\u00d9\u008a\u00d9\u0084 \u00d8\u00a7\u00d9\u0084\u00d8\u00ae\u00d8\u00b1\u00d9\u0088\u00d8\u00ac",
      "timestamp": 1669074625,
      "site": "www.facebook.com",
      "ip_address": "154.190.52.206"
    },
    {
      "action": "\u00d8\u00aa\u00d8\u00b3\u00d8\u00ac\u00d9\u008a\u00d9\u0084 \u00d8\u00a7\u00d9\u0084\u00d8\u00af\u00d8\u00ae\u00d9\u0088\u00d9\u0084",
      "timestamp": 1669074461,
      "site": "www.facebook.com",
      "ip_address": "154.190.52.206"
    },
    {
      "action": "\u00d8\u00aa\u00d8\u00b3\u00d8\u00ac\u00d9\u008a\u00d9\u0084 \u00d8\u00a7\u00d9\u0084\u00d8\u00ae\u00d8\u00b1\u00d9\u0088\u00d8\u00ac",
      "timestamp": 1669074435,
      "site": "www.facebook.com",
      "ip_address": "154.190.52.206"
    },
    {
      "action": "\u00d8\u00aa\u00d8\u00b3\u00d8\u00ac\u00d9\u008a\u00d9\u0084 \u00d8\u00a7\u00d9\u0084\u00d8\u00af\u00d8\u00ae\u00d9\u0088\u00d9\u0084",
      "timestamp": 1669069365,
      "site": "www.facebook.com",
      "ip_address": "154.190.52.206"
    },
    {
      "action": "\u00d8\u00aa\u00d8\u00b3\u00d8\u00ac\u00d9\u008a\u00d9\u0084 \u00d8\u00a7\u00d9\u0084\u00d8\u00af\u00d8\u00ae\u00d9\u0088\u00d9\u0084",
      "timestamp": 1669068129,
      "site": "www.facebook.com",
      "ip_address": "154.190.52.206"
    },
    {
      "action": "\u00d8\u00aa\u00d8\u00b3\u00d8\u00ac\u00d9\u008a\u00d9\u0084 \u00d8\u00a7\u00d9\u0084\u00d8\u00af\u00d8\u00ae\u00d9\u0088\u00d9\u0084",
      "timestamp": 1669067931,
      "site": "www.facebook.com",
      "ip_address": "154.190.52.206"
    },
    {
      "action": "\u00d8\u00aa\u00d8\u00b3\u00d8\u00ac\u00d9\u008a\u00d9\u0084 \u00d8\u00a7\u00d9\u0084\u00d8\u00ae\u00d8\u00b1\u00d9\u0088\u00d8\u00ac",
      "timestamp": 1669058892,
      "site": "www.facebook.com",
      "ip_address": "154.188.151.196"
    },
    {
      "action": "\u00d8\u00aa\u00d8\u00b3\u00d8\u00ac\u00d9\u008a\u00d9\u0084 \u00d8\u00a7\u00d9\u0084\u00d8\u00af\u00d8\u00ae\u00d9\u0088\u00d9\u0084",
      "timestamp": 1669057885,
      "site": "www.facebook.com",
      "ip_address": "154.188.151.196"
    },
    {
      "action": "\u00d8\u00aa\u00d8\u00b3\u00d8\u00ac\u00d9\u008a\u00d9\u0084 \u00d8\u00a7\u00d9\u0084\u00d8\u00af\u00d8\u00ae\u00d9\u0088\u00d9\u0084",
      "timestamp": 1669057807,
      "site": "www.facebook.com",
      "ip_address": "154.188.151.196"
    },
    {
      "action": "\u00d8\u00aa\u00d8\u00b3\u00d8\u00ac\u00d9\u008a\u00d9\u0084 \u00d8\u00a7\u00d9\u0084\u00d8\u00ae\u00d8\u00b1\u00d9\u0088\u00d8\u00ac",
      "timestamp": 1669057795,
      "site": "www.facebook.com",
      "ip_address": "154.188.151.196"
    },
    {
      "action": "\u00d8\u00aa\u00d8\u00b3\u00d8\u00ac\u00d9\u008a\u00d9\u0084 \u00d8\u00a7\u00d9\u0084\u00d8\u00af\u00d8\u00ae\u00d9\u0088\u00d9\u0084",
      "timestamp": 1668475713,
      "site": "m.facebook.com",
      "ip_address": "154.130.230.49"
    },
    {
      "action": "\u00d8\u00aa\u00d8\u00b3\u00d8\u00ac\u00d9\u008a\u00d9\u0084 \u00d8\u00a7\u00d9\u0084\u00d8\u00af\u00d8\u00ae\u00d9\u0088\u00d9\u0084",
      "timestamp": 1668404387,
      "site": "www.facebook.com",
      "ip_address": "154.186.165.129"
    },
    {
      "action": "\u00d8\u00aa\u00d8\u00b3\u00d8\u00ac\u00d9\u008a\u00d9\u0084 \u00d8\u00a7\u00d9\u0084\u00d8\u00ae\u00d8\u00b1\u00d9\u0088\u00d8\u00ac",
      "timestamp": 1668404371,
      "site": "www.facebook.com",
      "ip_address": "154.186.165.129"
    },
    {
      "action": "\u00d8\u00aa\u00d8\u00b3\u00d8\u00ac\u00d9\u008a\u00d9\u0084 \u00d8\u00a7\u00d9\u0084\u00d8\u00af\u00d8\u00ae\u00d9\u0088\u00d9\u0084",
      "timestamp": 1668404352,
      "site": "www.facebook.com",
      "ip_address": "154.186.165.129"
    },
    {
      "action": "\u00d8\u00aa\u00d8\u00b3\u00d8\u00ac\u00d9\u008a\u00d9\u0084 \u00d8\u00a7\u00d9\u0084\u00d8\u00af\u00d8\u00ae\u00d9\u0088\u00d9\u0084",
      "timestamp": 1668387084,
      "site": "www.facebook.com",
      "ip_address": "154.131.154.135"
    },
    {
      "action": "\u00d8\u00aa\u00d8\u00b3\u00d8\u00ac\u00d9\u008a\u00d9\u0084 \u00d8\u00a7\u00d9\u0084\u00d8\u00af\u00d8\u00ae\u00d9\u0088\u00d9\u0084",
      "timestamp": 1668222096,
      "site": "www.facebook.com",
      "ip_address": "154.133.3.34"
    },
    {
      "action": "\u00d8\u00aa\u00d8\u00b3\u00d8\u00ac\u00d9\u008a\u00d9\u0084 \u00d8\u00a7\u00d9\u0084\u00d8\u00ae\u00d8\u00b1\u00d9\u0088\u00d8\u00ac",
      "timestamp": 1668219338,
      "site": "www.facebook.com",
      "ip_address": "154.133.3.34"
    },
    {
      "action": "\u00d8\u00aa\u00d8\u00b3\u00d8\u00ac\u00d9\u008a\u00d9\u0084 \u00d8\u00a7\u00d9\u0084\u00d8\u00ae\u00d8\u00b1\u00d9\u0088\u00d8\u00ac",
      "timestamp": 1668218781,
      "site": "m.facebook.com",
      "ip_address": "154.133.3.34"
    }
  ]
}