{
  "devices_v2": [
    {
      "type": "CPH1909",
      "os": "Android 8.1.0",
      "update_time": 1670228084,
      "advertiser_id": "a04948e6-5dc5-4576-9800-76d23b602d93",
      "udid": "e3a5748f-1331-40fb-bc4c-dc21eb7e76bb",
      "redact_tokens": [
        "eyJw********************"
      ],
      "push_tokens": [
        {
          "disabled": false,
          "client_update_time": 1670224150,
          "creation_time": 1640208708,
          "app_version": "388.0.0.23.106",
          "locale": "ar_AR",
          "os_version": "8.1.0",
          "token": "{\"k\"********************",
          "device_id": "1234dafa-db8f-4751-bfae-c993be3a6468"
        }
      ],
      "family_device_id": "BEAF2525-BCEC-408F-A640-C4985D2B0D0C",
      "device_locale": "ar_AR"
    }
  ]
}