{
  "admin_records_v2": [
    {
      "event": "Remove Phone Number",
      "session": {
        "created_timestamp": 1670226704,
        "ip_address": "154.188.195.112",
        "user_agent": "Mozilla/5.0 (Linux; Android 8.1.0; CPH1909) AppleWebKit/537.36 (KHTML, like Gecko) Chrome/107.0.0.0 Mobile Safari/537.36",
        "datr_cookie": "6Vt0********************"
      },
      "extra_info": {
        "old_name": "",
        "new_name": "",
        "old_number": "+201286156560",
        "old_vanity": "",
        "new_vanity": "",
        "old_email": "",
        "new_email": "",
        "new_number": ""
      }
    },
    {
      "event": "Password Change",
      "session": {
        "created_timestamp": 1670204325,
        "ip_address": "154.188.195.112",
        "user_agent": "Mozilla/5.0 (Linux; Android 8.1.0; CPH1909) AppleWebKit/537.36 (KHTML, like Gecko) Chrome/107.0.0.0 Mobile Safari/537.36",
        "datr_cookie": "6Vt0********************"
      },
      "extra_info": {
        "old_name": "",
        "new_name": "",
        "old_number": "",
        "old_vanity": "",
        "new_vanity": "",
        "old_email": "",
        "new_email": "+201286156560",
        "new_number": ""
      }
    },
    {
      "event": "Name Change",
      "session": {
        "created_timestamp": 1670109186,
        "ip_address": "154.189.10.84",
        "user_agent": "Mozilla/5.0 (Linux; Android 8.1.0; CPH1909) AppleWebKit/537.36 (KHTML, like Gecko) Chrome/107.0.0.0 Mobile Safari/537.36",
        "datr_cookie": "6Vt0********************"
      },
      "extra_info": {
        "old_name": "\u00d9\u0085\u00d8\u00b1\u00d9\u0088\u00d8\u00a7\u00d9\u0086 \u00d9\u0085\u00d8\u00ad\u00d9\u0085\u00d9\u0088\u00d8\u00af",
        "new_name": "Wolf Wolf",
        "old_number": "",
        "old_vanity": "",
        "new_vanity": "",
        "old_email": "",
        "new_email": "",
        "new_number": ""
      }
    },
    {
      "event": "Password Change",
      "session": {
        "created_timestamp": 1670107620,
        "ip_address": "154.189.10.84",
        "user_agent": "Mozilla/5.0 (Linux; Android 8.1.0; CPH1909) AppleWebKit/537.36 (KHTML, like Gecko) Chrome/107.0.0.0 Mobile Safari/537.36",
        "datr_cookie": "6Vt0********************"
      }
    },
    {
      "event": "Password Change",
      "session": {
        "created_timestamp": 1670107409,
        "ip_address": "154.189.10.84",
        "user_agent": "Mozilla/5.0 (Linux; Android 8.1.0; CPH1909) AppleWebKit/537.36 (KHTML, like Gecko) Chrome/107.0.0.0 Mobile Safari/537.36",
        "datr_cookie": "6Vt0********************"
      }
    },
    {
      "event": "Password Change",
      "session": {
        "created_timestamp": 1670087280,
        "ip_address": "154.134.58.35",
        "user_agent": "Dalvik/2.1.0 (Linux; U; Android 8.1.0; CPH1909 Build/O11019) [FBAN/Orca-Android;FBAV/387.0.0.22.106;FBPN/com.facebook.orca;FBLC/ar_EG;FBBV/419563825;FBCR/Orange EG;FBMF/OPPO;FBBD/OPPO;FBDV/CPH1909;FBSV/8.1.0;FBCA/armeabi-v7a:armeabi;FBDM/{density=2.0,width=720,height=1424};FB_FW/1;]",
        "datr_cookie": "Iuh-********************"
      },
      "extra_info": {
        "old_name": "",
        "new_name": "",
        "old_number": "",
        "old_vanity": "",
        "new_vanity": "",
        "old_email": "",
        "new_email": "+201553104043",
        "new_number": ""
      }
    },
    {
      "event": "Password Change",
      "session": {
        "created_timestamp": 1670053900,
        "ip_address": "154.136.165.179",
        "user_agent": "Mozilla/5.0 (Linux; Android 8.1.0; CPH1909) AppleWebKit/537.36 (KHTML, like Gecko) Chrome/107.0.0.0 Mobile Safari/537.36",
        "datr_cookie": "6Vt0********************"
      }
    },
    {
      "event": "Password Change",
      "session": {
        "created_timestamp": 1670053459,
        "ip_address": "154.136.165.179",
        "user_agent": "Mozilla/5.0 (Linux; Android 8.1.0; CPH1909) AppleWebKit/537.36 (KHTML, like Gecko) Chrome/107.0.0.0 Mobile Safari/537.36",
        "datr_cookie": "6Vt0********************"
      },
      "extra_info": {
        "old_name": "",
        "new_name": "",
        "old_number": "",
        "old_vanity": "",
        "new_vanity": "",
        "old_email": "",
        "new_email": "+201286156560",
        "new_number": ""
      }
    },
    {
      "event": "Password Change",
      "session": {
        "created_timestamp": 1669949616,
        "ip_address": "154.130.73.232",
        "user_agent": "Mozilla/5.0 (Linux; Android 8.1.0; CPH1909) AppleWebKit/537.36 (KHTML, like Gecko) Chrome/107.0.0.0 Mobile Safari/537.36",
        "datr_cookie": "6Vt0********************"
      }
    },
    {
      "event": "Password Change",
      "session": {
        "created_timestamp": 1669827437,
        "ip_address": "156.211.10.3",
        "user_agent": "Mozilla/5.0 (Linux; Android 8.1.0; CPH1909) AppleWebKit/537.36 (KHTML, like Gecko) Chrome/107.0.0.0 Mobile Safari/537.36",
        "datr_cookie": "6Vt0********************"
      }
    },
    {
      "event": "Password Change",
      "session": {
        "created_timestamp": 1669787156,
        "ip_address": "154.129.66.51",
        "user_agent": "Mozilla/5.0 (Linux; Android 8.1.0; CPH1909) AppleWebKit/537.36 (KHTML, like Gecko) Chrome/107.0.0.0 Mobile Safari/537.36",
        "datr_cookie": "6Vt0********************"
      },
      "extra_info": {
        "old_name": "",
        "new_name": "",
        "old_number": "",
        "old_vanity": "",
        "new_vanity": "",
        "old_email": "",
        "new_email": "+201286156560",
        "new_number": ""
      }
    },
    {
      "event": "\u00d8\u00a7\u00d9\u0084\u00d9\u0085\u00d8\u00b5\u00d8\u00a7\u00d8\u00af\u00d9\u0082\u00d8\u00a9 \u00d8\u00a7\u00d9\u0084\u00d8\u00ab\u00d9\u0086\u00d8\u00a7\u00d8\u00a6\u00d9\u008a\u00d8\u00a9",
      "session": {
        "created_timestamp": 1669786855,
        "ip_address": "154.129.66.51",
        "user_agent": "Mozilla/5.0 (Linux; Android 8.1.0; CPH1909 Build/O11019; wv) AppleWebKit/537.36 (KHTML, like Gecko) Version/4.0 Chrome/107.0.5304.105 Mobile Safari/537.36",
        "datr_cookie": "NkFo********************"
      }
    },
    {
      "event": "\u00d8\u00a7\u00d9\u0084\u00d9\u0085\u00d8\u00b5\u00d8\u00a7\u00d8\u00af\u00d9\u0082\u00d8\u00a9 \u00d8\u00a7\u00d9\u0084\u00d8\u00ab\u00d9\u0086\u00d8\u00a7\u00d8\u00a6\u00d9\u008a\u00d8\u00a9",
      "session": {
        "created_timestamp": 1669784459,
        "ip_address": "154.129.66.51",
        "user_agent": "Mozilla/5.0 (Linux; Android 8.1.0; CPH1909 Build/O11019; wv) AppleWebKit/537.36 (KHTML, like Gecko) Version/4.0 Chrome/107.0.5304.105 Mobile Safari/537.36",
        "datr_cookie": "NkFo********************"
      }
    },
    {
      "event": "\u00d8\u00a7\u00d9\u0084\u00d9\u0085\u00d8\u00b5\u00d8\u00a7\u00d8\u00af\u00d9\u0082\u00d8\u00a9 \u00d8\u00a7\u00d9\u0084\u00d8\u00ab\u00d9\u0086\u00d8\u00a7\u00d8\u00a6\u00d9\u008a\u00d8\u00a9",
      "session": {
        "created_timestamp": 1669784459,
        "ip_address": "154.129.66.51",
        "user_agent": "Mozilla/5.0 (Linux; Android 8.1.0; CPH1909 Build/O11019; wv) AppleWebKit/537.36 (KHTML, like Gecko) Version/4.0 Chrome/107.0.5304.105 Mobile Safari/537.36",
        "datr_cookie": "NkFo********************"
      }
    },
    {
      "event": "\u00d8\u00a7\u00d9\u0084\u00d9\u0085\u00d8\u00b5\u00d8\u00a7\u00d8\u00af\u00d9\u0082\u00d8\u00a9 \u00d8\u00a7\u00d9\u0084\u00d8\u00ab\u00d9\u0086\u00d8\u00a7\u00d8\u00a6\u00d9\u008a\u00d8\u00a9",
      "session": {
        "created_timestamp": 1669784385,
        "ip_address": "154.129.66.51",
        "user_agent": "Mozilla/5.0 (Linux; Android 8.1.0; CPH1909 Build/O11019; wv) AppleWebKit/537.36 (KHTML, like Gecko) Version/4.0 Chrome/107.0.5304.105 Mobile Safari/537.36",
        "datr_cookie": "NkFo********************"
      }
    },
    {
      "event": "\u00d8\u00a7\u00d9\u0084\u00d9\u0085\u00d8\u00b5\u00d8\u00a7\u00d8\u00af\u00d9\u0082\u00d8\u00a9 \u00d8\u00a7\u00d9\u0084\u00d8\u00ab\u00d9\u0086\u00d8\u00a7\u00d8\u00a6\u00d9\u008a\u00d8\u00a9",
      "session": {
        "created_timestamp": 1669784385,
        "ip_address": "154.129.66.51",
        "user_agent": "Mozilla/5.0 (Linux; Android 8.1.0; CPH1909 Build/O11019; wv) AppleWebKit/537.36 (KHTML, like Gecko) Version/4.0 Chrome/107.0.5304.105 Mobile Safari/537.36",
        "datr_cookie": "NkFo********************"
      }
    },
    {
      "event": "Password Change",
      "session": {
        "created_timestamp": 1669784073,
        "ip_address": "154.129.66.51",
        "user_agent": "Mozilla/5.0 (Linux; Android 8.1.0; CPH1909 Build/O11019; wv) AppleWebKit/537.36 (KHTML, like Gecko) Version/4.0 Chrome/107.0.5304.105 Mobile Safari/537.36",
        "datr_cookie": "NkFo********************"
      },
      "extra_info": {
        "old_name": "",
        "new_name": "",
        "old_number": "",
        "old_vanity": "",
        "new_vanity": "",
        "old_email": "",
        "new_email": "+201286156560",
        "new_number": ""
      }
    },
    {
      "event": "Password Change",
      "session": {
        "created_timestamp": 1669783851,
        "ip_address": "154.129.66.51",
        "user_agent": "Mozilla/5.0 (Linux; Android 8.1.0; CPH1909 Build/O11019; wv) AppleWebKit/537.36 (KHTML, like Gecko) Version/4.0 Chrome/107.0.5304.105 Mobile Safari/537.36",
        "datr_cookie": "NkFo********************"
      },
      "extra_info": {
        "old_name": "",
        "new_name": "",
        "old_number": "",
        "old_vanity": "",
        "new_vanity": "",
        "old_email": "",
        "new_email": "+201286156560",
        "new_number": ""
      }
    },
    {
      "event": "Password Change",
      "session": {
        "created_timestamp": 1669782243,
        "ip_address": "154.129.66.51",
        "user_agent": "Dalvik/2.1.0 (Linux; U; Android 8.1.0; CPH1909 Build/O11019) [FBAN/FB4A;FBAV/393.0.0.35.106;FBPN/com.facebook.katana;FBLC/ar_EG;FBBV/419463461;FBCR/Orange EG;FBMF/OPPO;FBBD/OPPO;FBDV/CPH1909;FBSV/8.1.0;FBCA/armeabi-v7a:armeabi;FBDM/{density=2.0,width=720,height=1424};FB_FW/1;FBRV/423365331;]",
        "datr_cookie": ""
      },
      "extra_info": {
        "old_name": "",
        "new_name": "",
        "old_number": "",
        "old_vanity": "",
        "new_vanity": "",
        "old_email": "",
        "new_email": "+201286156560",
        "new_number": ""
      }
    },
    {
      "event": "Password Change",
      "session": {
        "created_timestamp": 1669780070,
        "ip_address": "154.129.66.51",
        "user_agent": "SupportsFresco=1 modular=2 Dalvik/2.1.0 (Linux; U; Android 8.1.0; CPH1909 Build/O11019) [FBAN/EMA;FBBV/423093102;FBAV/331.0.0.8.105;FBDV/CPH1909;FBLC/ar_AR;FBNG/3G;FBMNT/METERED;FBDM/{density=2.0}]",
        "datr_cookie": ""
      },
      "extra_info": {
        "old_name": "",
        "new_name": "",
        "old_number": "",
        "old_vanity": "",
        "new_vanity": "",
        "old_email": "",
        "new_email": "+201286156560",
        "new_number": ""
      }
    },
    {
      "event": "Checkpoint completed",
      "session": {
        "created_timestamp": 1669687545,
        "ip_address": "154.136.192.208",
        "user_agent": "Mozilla/5.0 (Linux; Android 8.1.0; CPH1909 Build/O11019) AppleWebKit/537.36 (KHTML, like Gecko) Version/4.0 Chrome/107.0.5304.105 Mobile Safari/537.36",
        "datr_cookie": "LBpz********************"
      }
    },
    {
      "event": "Checkpoint: Login-Approvals Enforcement",
      "session": {
        "created_timestamp": 1669687291,
        "ip_address": "154.136.192.208",
        "user_agent": "Mozilla/5.0 (Linux; Android 8.1.0; CPH1909 Build/O11019) AppleWebKit/537.36 (KHTML, like Gecko) Version/4.0 Chrome/107.0.5304.105 Mobile Safari/537.36",
        "datr_cookie": "LBpz********************"
      }
    },
    {
      "event": "Add Phone Number",
      "session": {
        "created_timestamp": 1669682516,
        "ip_address": "154.136.192.208",
        "user_agent": "[FBAN/FB4A;FBAV/393.0.0.35.106;FBBV/419463461;FBDM/{density=2.0,width=720,height=1424};FBLC/ar_AR;FBRV/423365331;FBCR/Orange EG;FBMF/OPPO;FBBD/OPPO;FBPN/com.facebook.katana;FBDV/CPH1909;FBSV/8.1.0;FBOP/1;FBCA/armeabi-v7a:armeabi;]",
        "datr_cookie": "NkFo********************"
      },
      "extra_info": {
        "old_name": "",
        "new_name": "",
        "old_number": "",
        "old_vanity": "",
        "new_vanity": "",
        "old_email": "",
        "new_email": "",
        "new_number": "+201286156560"
      }
    },
    {
      "event": "Password Change",
      "session": {
        "created_timestamp": 1669681708,
        "ip_address": "197.151.45.191",
        "user_agent": "Mozilla/5.0 (Linux; Android 8.1.0; CPH1909) AppleWebKit/537.36 (KHTML, like Gecko) Chrome/107.0.0.0 Mobile Safari/537.36",
        "datr_cookie": "6Vt0********************"
      }
    },
    {
      "event": "Checkpoint completed",
      "session": {
        "created_timestamp": 1669673031,
        "ip_address": "154.136.96.152",
        "user_agent": "Mozilla/5.0 (Linux; Android 8.1.0; CPH1909) AppleWebKit/537.36 (KHTML, like Gecko) Chrome/107.0.0.0 Mobile Safari/537.36",
        "datr_cookie": "6Vt0********************"
      }
    },
    {
      "event": "Password Change",
      "session": {
        "created_timestamp": 1669672880,
        "ip_address": "154.136.96.152",
        "user_agent": "Mozilla/5.0 (Linux; Android 8.1.0; CPH1909 Build/O11019; wv) AppleWebKit/537.36 (KHTML, like Gecko) Version/4.0 Chrome/107.0.5304.105 Mobile Safari/537.36 [FBAN/EMA;FBLC/ar_AR;FBAV/330.0.0.10.108;FBDM/DisplayMetrics{density=2.0, width=720, height=1424, scaledDensity=2.0, xdpi=268.941, ydpi=269.986};]",
        "datr_cookie": "r91y********************"
      }
    },
    {
      "event": "Password Change",
      "session": {
        "created_timestamp": 1669670338,
        "ip_address": "154.132.13.188",
        "user_agent": "SupportsFresco=1 modular=3 Dalvik/2.1.0 (Linux; U; Android 8.1.0; CPH1909 Build/O11019) [FBAN/EMA;FBBV/420784919;FBAV/330.0.0.10.108;FBDV/CPH1909;FBLC/ar_AR;FBNG/3G;FBMNT/METERED;FBDM/{density=2.0}]",
        "datr_cookie": ""
      }
    },
    {
      "event": "Checkpoint: Login-Approvals Enforcement",
      "session": {
        "created_timestamp": 1669670161,
        "ip_address": "154.130.251.119",
        "user_agent": "SupportsFresco=1 modular=3 Dalvik/2.1.0 (Linux; U; Android 8.1.0; CPH1909 Build/O11019) [FBAN/EMA;FBBV/420784919;FBAV/330.0.0.10.108;FBDV/CPH1909;FBLC/ar_AR;FBNG/3G;FBMNT/METERED;FBDM/{density=2.0}]",
        "datr_cookie": ""
      }
    },
    {
      "event": "Account de- or re-activated",
      "session": {
        "created_timestamp": 1669670158,
        "ip_address": "154.132.13.188",
        "user_agent": "Mozilla/5.0 (Linux; Android 8.1.0; CPH1909 Build/O11019; wv) AppleWebKit/537.36 (KHTML, like Gecko) Version/4.0 Chrome/107.0.5304.105 Mobile Safari/537.36 [FBAN/EMA;FBLC/ar_AR;FBAV/330.0.0.10.108;FBDM/DisplayMetrics{density=2.0, width=720, height=1424, scaledDensity=2.0, xdpi=268.941, ydpi=269.986};]",
        "datr_cookie": "r91y********************"
      }
    },
    {
      "event": "Checkpoint completed",
      "session": {
        "created_timestamp": 1669670158,
        "ip_address": "154.132.13.188",
        "user_agent": "Mozilla/5.0 (Linux; Android 8.1.0; CPH1909 Build/O11019; wv) AppleWebKit/537.36 (KHTML, like Gecko) Version/4.0 Chrome/107.0.5304.105 Mobile Safari/537.36 [FBAN/EMA;FBLC/ar_AR;FBAV/330.0.0.10.108;FBDM/DisplayMetrics{density=2.0, width=720, height=1424, scaledDensity=2.0, xdpi=268.941, ydpi=269.986};]",
        "datr_cookie": "r91y********************"
      }
    },
    {
      "event": "Checkpoint",
      "session": {
        "created_timestamp": 1669670114,
        "ip_address": "154.130.251.119",
        "user_agent": "SupportsFresco=1 modular=3 Dalvik/2.1.0 (Linux; U; Android 8.1.0; CPH1909 Build/O11019) [FBAN/EMA;FBBV/420784919;FBAV/330.0.0.10.108;FBDV/CPH1909;FBLC/ar_AR;FBNG/3G;FBMNT/METERED;FBDM/{density=2.0}]",
        "datr_cookie": "r91y********************"
      }
    },
    {
      "event": "Password Change",
      "session": {
        "created_timestamp": 1669670112,
        "ip_address": "154.132.13.188",
        "user_agent": "SupportsFresco=1 modular=3 Dalvik/2.1.0 (Linux; U; Android 8.1.0; CPH1909 Build/O11019) [FBAN/EMA;FBBV/420784919;FBAV/330.0.0.10.108;FBDV/CPH1909;FBLC/ar_AR;FBNG/3G;FBMNT/METERED;FBDM/{density=2.0}]",
        "datr_cookie": ""
      }
    },
    {
      "event": "Account de- or re-activated",
      "session": {
        "created_timestamp": 1669579328,
        "ip_address": "156.210.223.6",
        "user_agent": "Mozilla/5.0 (Linux; Android 8.1.0; CPH1909 Build/O11019; wv) AppleWebKit/537.36 (KHTML, like Gecko) Version/4.0 Chrome/107.0.5304.105 Mobile Safari/537.36 [FBAN/EMA;FBLC/ar_AR;FBAV/330.0.0.10.108;FBDM/DisplayMetrics{density=2.0, width=720, height=1424, scaledDensity=2.0, xdpi=268.941, ydpi=269.986};]",
        "datr_cookie": "r91y********************"
      }
    },
    {
      "event": "Permanently Deleted User",
      "session": {
        "created_timestamp": 1669579327,
        "user_agent": "",
        "datr_cookie": ""
      }
    },
    {
      "event": "Password Change",
      "session": {
        "created_timestamp": 1669577991,
        "ip_address": "156.210.223.6",
        "user_agent": "Mozilla/5.0 (Linux; Android 8.1.0; CPH1909 Build/O11019; wv) AppleWebKit/537.36 (KHTML, like Gecko) Version/4.0 Chrome/107.0.5304.105 Mobile Safari/537.36 [FBAN/EMA;FBLC/ar_AR;FBAV/330.0.0.10.108;FBDM/DisplayMetrics{density=2.0, width=720, height=1424, scaledDensity=2.0, xdpi=268.941, ydpi=269.986};]",
        "datr_cookie": "r91y********************"
      }
    },
    {
      "event": "Password Change",
      "session": {
        "created_timestamp": 1669577764,
        "ip_address": "156.210.223.6",
        "user_agent": "Mozilla/5.0 (Linux; Android 8.1.0; CPH1909 Build/O11019; wv) AppleWebKit/537.36 (KHTML, like Gecko) Version/4.0 Chrome/107.0.5304.105 Mobile Safari/537.36 [FBAN/EMA;FBLC/ar_AR;FBAV/330.0.0.10.108;FBDM/DisplayMetrics{density=2.0, width=720, height=1424, scaledDensity=2.0, xdpi=268.941, ydpi=269.986};]",
        "datr_cookie": "r91y********************"
      }
    },
    {
      "event": "Password Change",
      "session": {
        "created_timestamp": 1669496326,
        "ip_address": "197.151.8.232",
        "user_agent": "SupportsFresco=1 modular=2 Dalvik/2.1.0 (Linux; U; Android 8.1.0; CPH1909 Build/O11019) [FBAN/EMA;FBBV/417816523;FBAV/329.0.0.12.106;FBDV/CPH1909;FBLC/ar_AR;FBNG/3G;FBMNT/METERED;FBDM/{density=2.0}]",
        "datr_cookie": ""
      },
      "extra_info": {
        "old_name": "",
        "new_name": "",
        "old_number": "",
        "old_vanity": "",
        "new_vanity": "",
        "old_email": "",
        "new_email": "+201286156560",
        "new_number": ""
      }
    },
    {
      "event": "Checkpoint completed",
      "session": {
        "created_timestamp": 1669320539,
        "ip_address": "154.130.125.154",
        "user_agent": "Mozilla/5.0 (Linux; Android 8.1.0; CPH1909) AppleWebKit/537.36 (KHTML, like Gecko) Chrome/107.0.0.0 Mobile Safari/537.36",
        "datr_cookie": "6Vt0********************"
      }
    },
    {
      "event": "Account de- or re-activated",
      "session": {
        "created_timestamp": 1669266175,
        "ip_address": "154.185.102.192",
        "user_agent": "SupportsFresco=1 modular=2 Dalvik/2.1.0 (Linux; U; Android 8.1.0; CPH1909 Build/O11019) [FBAN/EMA;FBBV/417816523;FBAV/329.0.0.12.106;FBDV/CPH1909;FBLC/ar_AR;FBNG/3G;FBMNT/METERED;FBDM/{density=2.0}]",
        "datr_cookie": "r91y********************"
      }
    },
    {
      "event": "Account de- or re-activated",
      "session": {
        "created_timestamp": 1669265802,
        "ip_address": "154.185.102.192",
        "user_agent": "Mozilla/5.0 (Linux; Android 8.1.0; CPH1909 Build/O11019; wv) AppleWebKit/537.36 (KHTML, like Gecko) Version/4.0 Chrome/107.0.5304.105 Mobile Safari/537.36 [FBAN/EMA;FBLC/ar_AR;FBAV/329.0.0.12.106;FBDM/DisplayMetrics{density=2.0, width=720, height=1424, scaledDensity=2.0, xdpi=268.941, ydpi=269.986};]",
        "datr_cookie": "r91y********************"
      }
    },
    {
      "event": "Checkpoint: Login-Approvals Enforcement",
      "session": {
        "created_timestamp": 1669261988,
        "ip_address": "154.185.102.192",
        "user_agent": "Mozilla/5.0 (Linux; Android 8.1.0; CPH1909 Build/O11019; wv) AppleWebKit/537.36 (KHTML, like Gecko) Version/4.0 Chrome/107.0.5304.105 Mobile Safari/537.36 [FB_IAB/Orca-Android;FBAV/387.0.0.22.106;]",
        "datr_cookie": "Iuh-********************"
      }
    },
    {
      "event": "Password Change",
      "session": {
        "created_timestamp": 1669261984,
        "ip_address": "154.185.102.192",
        "user_agent": "Mozilla/5.0 (Linux; Android 8.1.0; CPH1909 Build/O11019; wv) AppleWebKit/537.36 (KHTML, like Gecko) Version/4.0 Chrome/107.0.5304.105 Mobile Safari/537.36 [FB_IAB/Orca-Android;FBAV/387.0.0.22.106;]",
        "datr_cookie": "Iuh-********************"
      }
    },
    {
      "event": "Checkpoint completed",
      "session": {
        "created_timestamp": 1669181685,
        "ip_address": "154.185.102.192",
        "user_agent": "Mozilla/5.0 (Linux; Android 8.1.0; CPH1909) AppleWebKit/537.36 (KHTML, like Gecko) Chrome/107.0.0.0 Mobile Safari/537.36",
        "datr_cookie": "6Vt0********************"
      }
    },
    {
      "event": "Checkpoint: Login-Approvals Enforcement",
      "session": {
        "created_timestamp": 1669181454,
        "ip_address": "154.185.102.192",
        "user_agent": "Mozilla/5.0 (Linux; Android 8.1.0; CPH1909) AppleWebKit/537.36 (KHTML, like Gecko) Chrome/107.0.0.0 Mobile Safari/537.36",
        "datr_cookie": "6Vt0********************"
      }
    },
    {
      "event": "Password Change",
      "session": {
        "created_timestamp": 1669181452,
        "ip_address": "154.185.102.192",
        "user_agent": "Mozilla/5.0 (Linux; Android 8.1.0; CPH1909) AppleWebKit/537.36 (KHTML, like Gecko) Chrome/107.0.0.0 Mobile Safari/537.36",
        "datr_cookie": "6Vt0********************"
      }
    },
    {
      "event": "\u00d8\u00a7\u00d9\u0084\u00d9\u0085\u00d8\u00b5\u00d8\u00a7\u00d8\u00af\u00d9\u0082\u00d8\u00a9 \u00d8\u00a7\u00d9\u0084\u00d8\u00ab\u00d9\u0086\u00d8\u00a7\u00d8\u00a6\u00d9\u008a\u00d8\u00a9",
      "session": {
        "created_timestamp": 1669180638,
        "ip_address": "154.185.102.192",
        "user_agent": "[FBAN/FB4A;FBAV/392.2.0.33.108;FBBV/418241900;FBDM/{density=2.0,width=720,height=1424};FBLC/ar_AR;FBRV/420360328;FBCR/we;FBMF/OPPO;FBBD/OPPO;FBPN/com.facebook.katana;FBDV/CPH1909;FBSV/8.1.0;FBOP/1;FBCA/armeabi-v7a:armeabi;]",
        "datr_cookie": "NkFo********************"
      }
    },
    {
      "event": "\u00d8\u00a7\u00d9\u0084\u00d9\u0085\u00d8\u00b5\u00d8\u00a7\u00d8\u00af\u00d9\u0082\u00d8\u00a9 \u00d8\u00a7\u00d9\u0084\u00d8\u00ab\u00d9\u0086\u00d8\u00a7\u00d8\u00a6\u00d9\u008a\u00d8\u00a9",
      "session": {
        "created_timestamp": 1669180638,
        "ip_address": "154.185.102.192",
        "user_agent": "[FBAN/FB4A;FBAV/392.2.0.33.108;FBBV/418241900;FBDM/{density=2.0,width=720,height=1424};FBLC/ar_AR;FBRV/420360328;FBCR/we;FBMF/OPPO;FBBD/OPPO;FBPN/com.facebook.katana;FBDV/CPH1909;FBSV/8.1.0;FBOP/1;FBCA/armeabi-v7a:armeabi;]",
        "datr_cookie": "NkFo********************"
      }
    },
    {
      "event": "\u00d8\u00a7\u00d9\u0084\u00d9\u0085\u00d8\u00b5\u00d8\u00a7\u00d8\u00af\u00d9\u0082\u00d8\u00a9 \u00d8\u00a7\u00d9\u0084\u00d8\u00ab\u00d9\u0086\u00d8\u00a7\u00d8\u00a6\u00d9\u008a\u00d8\u00a9",
      "session": {
        "created_timestamp": 1669180566,
        "ip_address": "154.185.102.192",
        "user_agent": "[FBAN/FB4A;FBAV/392.2.0.33.108;FBBV/418241900;FBDM/{density=2.0,width=720,height=1424};FBLC/ar_AR;FBRV/420360328;FBCR/we;FBMF/OPPO;FBBD/OPPO;FBPN/com.facebook.katana;FBDV/CPH1909;FBSV/8.1.0;FBOP/1;FBCA/armeabi-v7a:armeabi;]",
        "datr_cookie": "NkFo********************"
      }
    },
    {
      "event": "Add Phone Number",
      "session": {
        "created_timestamp": 1669171887,
        "ip_address": "154.185.102.192",
        "user_agent": "Mozilla/5.0 (Linux; Android 8.1.0; CPH1909 Build/O11019; wv) AppleWebKit/537.36 (KHTML, like Gecko) Version/4.0 Chrome/107.0.5304.105 Mobile Safari/537.36 [FBAN/FB4A;FBAV/392.2.0.33.108;FBBV/418241900;FBDM/{density=2.0,width=720,height=1424};FBLC/ar_AR;FBRV/420360328;FB_FW/2;FBCR/we;FBMF/OPPO;FBBD/OPPO;FBPN/com.facebook.katana;FBDV/CPH1909;FBSV/8.1.0;FBOP/1;FBCA/armeabi-v7a:armeabi;]",
        "datr_cookie": "NkFo********************"
      },
      "extra_info": {
        "old_name": "",
        "new_name": "",
        "old_number": "",
        "old_vanity": "",
        "new_vanity": "",
        "old_email": "",
        "new_email": "",
        "new_number": "+201553104043"
      }
    },
    {
      "event": "Email change",
      "session": {
        "created_timestamp": 1669171776,
        "ip_address": "154.185.102.192",
        "user_agent": "Mozilla/5.0 (Linux; Android 8.1.0; CPH1909 Build/O11019; wv) AppleWebKit/537.36 (KHTML, like Gecko) Version/4.0 Chrome/107.0.5304.105 Mobile Safari/537.36 [FBAN/FB4A;FBAV/392.2.0.33.108;FBBV/418241900;FBDM/{density=2.0,width=720,height=1424};FBLC/ar_AR;FBRV/420360328;FB_FW/2;FBCR/we;FBMF/OPPO;FBBD/OPPO;FBPN/com.facebook.katana;FBDV/CPH1909;FBSV/8.1.0;FBOP/1;FBCA/armeabi-v7a:armeabi;]",
        "datr_cookie": "NkFo********************"
      },
      "extra_info": {
        "old_name": "",
        "new_name": "",
        "old_number": "",
        "old_vanity": "",
        "new_vanity": "",
        "old_email": "",
        "new_email": "marwanmahmod2022@outlook.sa",
        "new_number": ""
      }
    },
    {
      "event": "Password Change",
      "session": {
        "created_timestamp": 1669171466,
        "ip_address": "154.185.102.192",
        "user_agent": "Mozilla/5.0 (Linux; Android 8.1.0; CPH1909 Build/O11019; wv) AppleWebKit/537.36 (KHTML, like Gecko) Version/4.0 Chrome/107.0.5304.105 Mobile Safari/537.36 [FBAN/FB4A;FBAV/392.2.0.33.108;FBBV/418241900;FBDM/{density=2.0,width=720,height=1424};FBLC/ar_AR;FBRV/420360328;FB_FW/2;FBCR/we;FBMF/OPPO;FBBD/OPPO;FBPN/com.facebook.katana;FBDV/CPH1909;FBSV/8.1.0;FBOP/1;FBCA/armeabi-v7a:armeabi;]",
        "datr_cookie": "NkFo********************"
      }
    },
    {
      "event": "\u00d8\u00a7\u00d9\u0084\u00d9\u0085\u00d8\u00b5\u00d8\u00a7\u00d8\u00af\u00d9\u0082\u00d8\u00a9 \u00d8\u00a7\u00d9\u0084\u00d8\u00ab\u00d9\u0086\u00d8\u00a7\u00d8\u00a6\u00d9\u008a\u00d8\u00a9",
      "session": {
        "created_timestamp": 1669171206,
        "ip_address": "154.185.102.192",
        "user_agent": "[FBAN/FB4A;FBAV/392.2.0.33.108;FBBV/418241900;FBDM/{density=2.0,width=720,height=1424};FBLC/ar_AR;FBRV/420360328;FBCR/we;FBMF/OPPO;FBBD/OPPO;FBPN/com.facebook.katana;FBDV/CPH1909;FBSV/8.1.0;FBOP/1;FBCA/armeabi-v7a:armeabi;]",
        "datr_cookie": "NkFo********************"
      }
    },
    {
      "event": "Password Change",
      "session": {
        "created_timestamp": 1669068128,
        "ip_address": "154.190.52.206",
        "user_agent": "SupportsFresco=1 modular=2 Dalvik/2.1.0 (Linux; U; Android 8.1.0; CPH1909 Build/O11019) [FBAN/EMA;FBBV/417816523;FBAV/329.0.0.12.106;FBDV/CPH1909;FBLC/ar_AR;FBNG/4G;FBMNT/METERED;FBDM/{density=2.0}]",
        "datr_cookie": "r91y********************"
      },
      "extra_info": {
        "old_name": "",
        "new_name": "",
        "old_number": "",
        "old_vanity": "",
        "new_vanity": "",
        "old_email": "",
        "new_email": "+201286156560",
        "new_number": ""
      }
    },
    {
      "event": "\u00d8\u00a7\u00d9\u0084\u00d9\u0085\u00d8\u00b5\u00d8\u00a7\u00d8\u00af\u00d9\u0082\u00d8\u00a9 \u00d8\u00a7\u00d9\u0084\u00d8\u00ab\u00d9\u0086\u00d8\u00a7\u00d8\u00a6\u00d9\u008a\u00d8\u00a9",
      "session": {
        "created_timestamp": 1669068075,
        "ip_address": "154.190.52.206",
        "user_agent": "Mozilla/5.0 (Linux; Android 8.1.0; CPH1909 Build/O11019; wv) AppleWebKit/537.36 (KHTML, like Gecko) Version/4.0 Chrome/107.0.5304.105 Mobile Safari/537.36 [FBAN/EMA;FBLC/ar_AR;FBAV/329.0.0.12.106;FBDM/DisplayMetrics{density=2.0, width=720, height=1424, scaledDensity=2.0, xdpi=268.941, ydpi=269.986};]",
        "datr_cookie": "r91y********************"
      }
    },
    {
      "event": "\u00d8\u00a7\u00d9\u0084\u00d9\u0085\u00d8\u00b5\u00d8\u00a7\u00d8\u00af\u00d9\u0082\u00d8\u00a9 \u00d8\u00a7\u00d9\u0084\u00d8\u00ab\u00d9\u0086\u00d8\u00a7\u00d8\u00a6\u00d9\u008a\u00d8\u00a9",
      "session": {
        "created_timestamp": 1669068075,
        "ip_address": "154.190.52.206",
        "user_agent": "Mozilla/5.0 (Linux; Android 8.1.0; CPH1909 Build/O11019; wv) AppleWebKit/537.36 (KHTML, like Gecko) Version/4.0 Chrome/107.0.5304.105 Mobile Safari/537.36 [FBAN/EMA;FBLC/ar_AR;FBAV/329.0.0.12.106;FBDM/DisplayMetrics{density=2.0, width=720, height=1424, scaledDensity=2.0, xdpi=268.941, ydpi=269.986};]",
        "datr_cookie": "r91y********************"
      }
    },
    {
      "event": "Password Change",
      "session": {
        "created_timestamp": 1669067930,
        "ip_address": "154.190.52.206",
        "user_agent": "SupportsFresco=1 modular=2 Dalvik/2.1.0 (Linux; U; Android 8.1.0; CPH1909 Build/O11019) [FBAN/EMA;FBBV/417816523;FBAV/329.0.0.12.106;FBDV/CPH1909;FBLC/ar_AR;FBNG/4G;FBMNT/METERED;FBDM/{density=2.0}]",
        "datr_cookie": ""
      },
      "extra_info": {
        "old_name": "",
        "new_name": "",
        "old_number": "",
        "old_vanity": "",
        "new_vanity": "",
        "old_email": "",
        "new_email": "+201286156560",
        "new_number": ""
      }
    },
    {
      "event": "\u00d8\u00a7\u00d9\u0084\u00d9\u0085\u00d8\u00b5\u00d8\u00a7\u00d8\u00af\u00d9\u0082\u00d8\u00a9 \u00d8\u00a7\u00d9\u0084\u00d8\u00ab\u00d9\u0086\u00d8\u00a7\u00d8\u00a6\u00d9\u008a\u00d8\u00a9",
      "session": {
        "created_timestamp": 1669065258,
        "ip_address": "154.188.151.196",
        "user_agent": "Mozilla/5.0 (Linux; Android 8.1.0; CPH1909 Build/O11019; wv) AppleWebKit/537.36 (KHTML, like Gecko) Version/4.0 Chrome/107.0.5304.105 Mobile Safari/537.36",
        "datr_cookie": "NkFo********************"
      }
    },
    {
      "event": "Password Change",
      "session": {
        "created_timestamp": 1669058893,
        "ip_address": "154.188.151.196",
        "user_agent": "[FBAN/FB4A;FBAV/392.2.0.33.108;FBBV/418241900;FBDM/{density=2.0,width=720,height=1424};FBLC/ar_AR;FBRV/420360328;FBCR/we;FBMF/OPPO;FBBD/OPPO;FBPN/com.facebook.katana;FBDV/CPH1909;FBSV/8.1.0;FBOP/1;FBCA/armeabi-v7a:armeabi;]",
        "datr_cookie": "NkFo********************"
      }
    },
    {
      "event": "Password Change",
      "session": {
        "created_timestamp": 1669057796,
        "ip_address": "154.188.151.196",
        "user_agent": "Dalvik/2.1.0 (Linux; U; Android 8.1.0; CPH1909 Build/O11019) [FBAN/FB4A;FBAV/392.2.0.33.108;FBPN/com.facebook.katana;FBLC/ar_EG;FBBV/418241900;FBCR/we;FBMF/OPPO;FBBD/OPPO;FBDV/CPH1909;FBSV/8.1.0;FBCA/armeabi-v7a:armeabi;FBDM/{density=2.0,width=720,height=1424};FB_FW/1;FBRV/420360328;]",
        "datr_cookie": ""
      },
      "extra_info": {
        "old_name": "",
        "new_name": "",
        "old_number": "",
        "old_vanity": "",
        "new_vanity": "",
        "old_email": "",
        "new_email": "+201286156560",
        "new_number": ""
      }
    },
    {
      "event": "Remove Phone Number",
      "session": {
        "created_timestamp": 1669056966,
        "ip_address": "154.188.151.196",
        "user_agent": "Mozilla/5.0 (Linux; Android 8.1.0; CPH1909) AppleWebKit/537.36 (KHTML, like Gecko) Chrome/107.0.0.0 Mobile Safari/537.36",
        "datr_cookie": "6Vt0********************"
      },
      "extra_info": {
        "old_name": "",
        "new_name": "",
        "old_number": "+201286156560",
        "old_vanity": "",
        "new_vanity": "",
        "old_email": "",
        "new_email": "",
        "new_number": ""
      }
    },
    {
      "event": "Birthday Change",
      "session": {
        "created_timestamp": 1668475826,
        "ip_address": "154.130.230.49",
        "user_agent": "Mozilla/5.0 (Linux; Android 8.1.0; CPH1909 Build/O11019; wv) AppleWebKit/537.36 (KHTML, like Gecko) Version/4.0 Chrome/107.0.5304.105 Mobile Safari/537.36 [FBAN/EMA;FBLC/ar_AR;FBAV/326.0.0.18.97;FBDM/DisplayMetrics{density=2.0, width=720, height=1424, scaledDensity=2.0, xdpi=268.941, ydpi=269.986};]",
        "datr_cookie": "r91y********************"
      }
    },
    {
      "event": "Password Change",
      "session": {
        "created_timestamp": 1668475807,
        "ip_address": "154.130.230.49",
        "user_agent": "Mozilla/5.0 (Linux; Android 8.1.0; CPH1909 Build/O11019; wv) AppleWebKit/537.36 (KHTML, like Gecko) Version/4.0 Chrome/107.0.5304.105 Mobile Safari/537.36 [FBAN/EMA;FBLC/ar_AR;FBAV/326.0.0.18.97;FBDM/DisplayMetrics{density=2.0, width=720, height=1424, scaledDensity=2.0, xdpi=268.941, ydpi=269.986};]",
        "datr_cookie": "r91y********************"
      }
    },
    {
      "event": "Checkpoint completed",
      "session": {
        "created_timestamp": 1668475711,
        "ip_address": "154.130.230.49",
        "user_agent": "Mozilla/5.0 (Linux; Android 8.1.0; CPH1909 Build/O11019; wv) AppleWebKit/537.36 (KHTML, like Gecko) Version/4.0 Chrome/107.0.5304.105 Mobile Safari/537.36 [FBAN/EMA;FBLC/ar_AR;FBAV/326.0.0.18.97;FBDM/DisplayMetrics{density=2.0, width=720, height=1424, scaledDensity=2.0, xdpi=268.941, ydpi=269.986};]",
        "datr_cookie": "r91y********************"
      }
    },
    {
      "event": "Checkpoint: Login-Approvals Enforcement",
      "session": {
        "created_timestamp": 1668475624,
        "ip_address": "154.130.230.49",
        "user_agent": "Mozilla/5.0 (Linux; Android 8.1.0; CPH1909 Build/O11019; wv) AppleWebKit/537.36 (KHTML, like Gecko) Version/4.0 Chrome/107.0.5304.105 Mobile Safari/537.36 [FBAN/EMA;FBLC/ar_AR;FBAV/326.0.0.18.97;FBDM/DisplayMetrics{density=2.0, width=720, height=1424, scaledDensity=2.0, xdpi=268.941, ydpi=269.986};]",
        "datr_cookie": "r91y********************"
      }
    },
    {
      "event": "Contactpoint Remove",
      "session": {
        "created_timestamp": 1668223182,
        "ip_address": "154.133.3.34",
        "user_agent": "Mozilla/5.0 (Linux; Android 8.1.0; CPH1909 Build/O11019; wv) AppleWebKit/537.36 (KHTML, like Gecko) Version/4.0 Chrome/107.0.5304.105 Mobile Safari/537.36 [FBAN/FB4A;FBAV/391.1.0.37.104;FBBV/415435236;FBDM/{density=2.0,width=720,height=1424};FBLC/ar_AR;FBRV/418176437;FB_FW/2;FBCR/Orange EG;FBMF/OPPO;FBBD/OPPO;FBPN/com.facebook.katana;FBDV/CPH1909;FBSV/8.1.0;FBOP/1;FBCA/armeabi-v7a:armeabi;]",
        "datr_cookie": "NkFo********************"
      },
      "extra_info": {
        "old_name": "",
        "new_name": "",
        "old_number": "+201553104043",
        "old_vanity": "",
        "new_vanity": "",
        "old_email": "",
        "new_email": "",
        "new_number": ""
      }
    },
    {
      "event": "\u00d8\u00a7\u00d9\u0084\u00d9\u0085\u00d8\u00b5\u00d8\u00a7\u00d8\u00af\u00d9\u0082\u00d8\u00a9 \u00d8\u00a7\u00d9\u0084\u00d8\u00ab\u00d9\u0086\u00d8\u00a7\u00d8\u00a6\u00d9\u008a\u00d8\u00a9",
      "session": {
        "created_timestamp": 1668222594,
        "ip_address": "154.133.3.34",
        "user_agent": "[FBAN/FB4A;FBAV/391.1.0.37.104;FBBV/415435236;FBDM/{density=2.0,width=720,height=1424};FBLC/ar_AR;FBRV/418176437;FBCR/Orange EG;FBMF/OPPO;FBBD/OPPO;FBPN/com.facebook.katana;FBDV/CPH1909;FBSV/8.1.0;FBOP/1;FBCA/armeabi-v7a:armeabi;]",
        "datr_cookie": "NkFo********************"
      }
    },
    {
      "event": "\u00d8\u00a7\u00d9\u0084\u00d9\u0085\u00d8\u00b5\u00d8\u00a7\u00d8\u00af\u00d9\u0082\u00d8\u00a9 \u00d8\u00a7\u00d9\u0084\u00d8\u00ab\u00d9\u0086\u00d8\u00a7\u00d8\u00a6\u00d9\u008a\u00d8\u00a9",
      "session": {
        "created_timestamp": 1668222594,
        "ip_address": "154.133.3.34",
        "user_agent": "[FBAN/FB4A;FBAV/391.1.0.37.104;FBBV/415435236;FBDM/{density=2.0,width=720,height=1424};FBLC/ar_AR;FBRV/418176437;FBCR/Orange EG;FBMF/OPPO;FBBD/OPPO;FBPN/com.facebook.katana;FBDV/CPH1909;FBSV/8.1.0;FBOP/1;FBCA/armeabi-v7a:armeabi;]",
        "datr_cookie": "NkFo********************"
      }
    },
    {
      "event": "Password Change",
      "session": {
        "created_timestamp": 1668222090,
        "ip_address": "154.133.3.34",
        "user_agent": "Dalvik/2.1.0 (Linux; U; Android 8.1.0; CPH1909 Build/O11019) [FBAN/FB4A;FBAV/391.1.0.37.104;FBPN/com.facebook.katana;FBLC/ar_EG;FBBV/415435236;FBCR/Orange EG;FBMF/OPPO;FBBD/OPPO;FBDV/CPH1909;FBSV/8.1.0;FBCA/armeabi-v7a:armeabi;FBDM/{density=2.0,width=720,height=1424};FB_FW/1;FBRV/418176437;]",
        "datr_cookie": ""
      },
      "extra_info": {
        "old_name": "",
        "new_name": "",
        "old_number": "",
        "old_vanity": "",
        "new_vanity": "",
        "old_email": "",
        "new_email": "+201553104043",
        "new_number": ""
      }
    },
    {
      "event": "Password Change",
      "session": {
        "created_timestamp": 1668218778,
        "ip_address": "154.133.3.34",
        "user_agent": "Mozilla/5.0 (Linux; Android 8.1.0; CPH1909 Build/O11019; wv) AppleWebKit/537.36 (KHTML, like Gecko) Version/4.0 Chrome/107.0.5304.105 Mobile Safari/537.36 [FBAN/FB4A;FBAV/391.1.0.37.104;FBBV/415435236;FBDM/{density=2.0,width=720,height=1424};FBLC/ar_AR;FBRV/418176437;FB_FW/2;FBCR/Orange EG;FBMF/OPPO;FBBD/OPPO;FBPN/com.facebook.katana;FBDV/CPH1909;FBSV/8.1.0;FBOP/1;FBCA/armeabi-v7a:armeabi;]",
        "datr_cookie": "NkFo********************"
      },
      "extra_info": {
        "old_name": "",
        "new_name": "",
        "old_number": "",
        "old_vanity": "",
        "new_vanity": "",
        "old_email": "",
        "new_email": "+201286156560",
        "new_number": ""
      }
    },
    {
      "event": "Password Change",
      "session": {
        "created_timestamp": 1668218650,
        "ip_address": "154.133.3.34",
        "user_agent": "Mozilla/5.0 (Linux; Android 8.1.0; CPH1909 Build/O11019; wv) AppleWebKit/537.36 (KHTML, like Gecko) Version/4.0 Chrome/107.0.5304.105 Mobile Safari/537.36 [FBAN/FB4A;FBAV/391.1.0.37.104;FBBV/415435236;FBDM/{density=2.0,width=720,height=1424};FBLC/ar_AR;FBRV/418176437;FB_FW/2;FBCR/Orange EG;FBMF/OPPO;FBBD/OPPO;FBPN/com.facebook.katana;FBDV/CPH1909;FBSV/8.1.0;FBOP/1;FBCA/armeabi-v7a:armeabi;]",
        "datr_cookie": "NkFo********************"
      },
      "extra_info": {
        "old_name": "",
        "new_name": "",
        "old_number": "",
        "old_vanity": "",
        "new_vanity": "",
        "old_email": "",
        "new_email": "+201553104043",
        "new_number": ""
      }
    },
    {
      "event": "Add Phone Number",
      "session": {
        "created_timestamp": 1668126342,
        "ip_address": "154.188.249.125",
        "user_agent": "[FBAN/FB4A;FBAV/391.1.0.37.104;FBBV/415435236;FBDM/{density=2.0,width=720,height=1424};FBLC/ar_AR;FBRV/417795712;FBCR/we;FBMF/OPPO;FBBD/OPPO;FBPN/com.facebook.katana;FBDV/CPH1909;FBSV/8.1.0;FBOP/1;FBCA/armeabi-v7a:armeabi;]",
        "datr_cookie": "NkFo********************"
      },
      "extra_info": {
        "old_name": "",
        "new_name": "",
        "old_number": "",
        "old_vanity": "",
        "new_vanity": "",
        "old_email": "",
        "new_email": "",
        "new_number": "+201286156560"
      }
    },
    {
      "event": "Password Change",
      "session": {
        "created_timestamp": 1668114384,
        "ip_address": "154.134.191.155",
        "user_agent": "Dalvik/2.1.0 (Linux; U; Android 8.1.0; CPH1909 Build/O11019) [FBAN/FB4A;FBAV/391.1.0.37.104;FBPN/com.facebook.katana;FBLC/ar_EG;FBBV/415435236;FBCR/Orange EG;FBMF/OPPO;FBBD/OPPO;FBDV/CPH1909;FBSV/8.1.0;FBCA/armeabi-v7a:armeabi;FBDM/{density=2.0,width=720,height=1424};FB_FW/1;FBRV/417167890;]",
        "datr_cookie": ""
      },
      "extra_info": {
        "old_name": "",
        "new_name": "",
        "old_number": "",
        "old_vanity": "",
        "new_vanity": "",
        "old_email": "",
        "new_email": "+201553104043",
        "new_number": ""
      }
    },
    {
      "event": "Account de- or re-activated",
      "session": {
        "created_timestamp": 1668035206,
        "ip_address": "154.134.226.66",
        "user_agent": "Mozilla/5.0 (Linux; Android 8.1.0; CPH1909) AppleWebKit/537.36 (KHTML, like Gecko) Chrome/106.0.0.0 Mobile Safari/537.36",
        "datr_cookie": "dC0e********************"
      }
    },
    {
      "event": "Checkpoint completed",
      "session": {
        "created_timestamp": 1668035204,
        "ip_address": "154.134.226.66",
        "user_agent": "Mozilla/5.0 (Linux; Android 8.1.0; CPH1909) AppleWebKit/537.36 (KHTML, like Gecko) Chrome/106.0.0.0 Mobile Safari/537.36",
        "datr_cookie": "dC0e********************"
      }
    },
    {
      "event": "Checkpoint",
      "session": {
        "created_timestamp": 1668035137,
        "ip_address": "154.134.226.66",
        "user_agent": "Mozilla/5.0 (Linux; Android 8.1.0; CPH1909) AppleWebKit/537.36 (KHTML, like Gecko) Chrome/106.0.0.0 Mobile Safari/537.36",
        "datr_cookie": "dC0e********************"
      }
    },
    {
      "event": "Password Change",
      "session": {
        "created_timestamp": 1668035134,
        "ip_address": "154.134.226.66",
        "user_agent": "Mozilla/5.0 (Linux; Android 8.1.0; CPH1909) AppleWebKit/537.36 (KHTML, like Gecko) Chrome/106.0.0.0 Mobile Safari/537.36",
        "datr_cookie": "dC0e********************"
      },
      "extra_info": {
        "old_name": "",
        "new_name": "",
        "old_number": "",
        "old_vanity": "",
        "new_vanity": "",
        "old_email": "",
        "new_email": "+201553104043",
        "new_number": ""
      }
    },
    {
      "event": "Checkpoint completed",
      "session": {
        "created_timestamp": 1668021371,
        "ip_address": "154.186.253.64",
        "user_agent": "Mozilla/5.0 (Linux; Android 8.1.0; CPH1909) AppleWebKit/537.36 (KHTML, like Gecko) Chrome/106.0.0.0 Mobile Safari/537.36",
        "datr_cookie": "dC0e********************"
      }
    },
    {
      "event": "Checkpoint",
      "session": {
        "created_timestamp": 1668021336,
        "ip_address": "154.186.253.64",
        "user_agent": "Mozilla/5.0 (Linux; Android 8.1.0; CPH1909) AppleWebKit/537.36 (KHTML, like Gecko) Chrome/106.0.0.0 Mobile Safari/537.36",
        "datr_cookie": "dC0e********************"
      }
    },
    {
      "event": "Password Change",
      "session": {
        "created_timestamp": 1668021335,
        "ip_address": "154.186.253.64",
        "user_agent": "Mozilla/5.0 (Linux; Android 8.1.0; CPH1909) AppleWebKit/537.36 (KHTML, like Gecko) Chrome/106.0.0.0 Mobile Safari/537.36",
        "datr_cookie": "dC0e********************"
      },
      "extra_info": {
        "old_name": "",
        "new_name": "",
        "old_number": "",
        "old_vanity": "",
        "new_vanity": "",
        "old_email": "",
        "new_email": "+201553104043",
        "new_number": ""
      }
    },
    {
      "event": "Account de- or re-activated",
      "session": {
        "created_timestamp": 1667984499,
        "ip_address": "154.189.24.151",
        "user_agent": "Mozilla/5.0 (Linux; Android 8.1.0; CPH1909 Build/O11019; wv) AppleWebKit/537.36 (KHTML, like Gecko) Version/4.0 Chrome/106.0.5249.126 Mobile Safari/537.36 [FBAN/FB4A;FBAV/391.1.0.37.104;FBBV/415435236;FBDM/{density=2.0,width=720,height=1424};FBLC/ar_AR;FBRV/417167890;FB_FW/2;FBCR/we;FBMF/OPPO;FBBD/OPPO;FBPN/com.facebook.katana;FBDV/CPH1909;FBSV/8.1.0;FBOP/1;FBCA/armeabi-v7a:armeabi;]",
        "datr_cookie": "NkFo********************"
      }
    },
    {
      "event": "Permanently Deleted User",
      "session": {
        "created_timestamp": 1667984498,
        "user_agent": "",
        "datr_cookie": ""
      }
    },
    {
      "event": "Birthday Change",
      "session": {
        "created_timestamp": 1667973315,
        "ip_address": "154.189.24.151",
        "user_agent": "Mozilla/5.0 (Linux; Android 8.1.0; CPH1909 Build/O11019; wv) AppleWebKit/537.36 (KHTML, like Gecko) Version/4.0 Chrome/106.0.5249.126 Mobile Safari/537.36 [FBAN/FB4A;FBAV/391.1.0.37.104;FBBV/415435236;FBDM/{density=2.0,width=720,height=1424};FBLC/ar_AR;FBRV/417167890;FB_FW/2;FBCR/we;FBMF/OPPO;FBBD/OPPO;FBPN/com.facebook.katana;FBDV/CPH1909;FBSV/8.1.0;FBOP/1;FBCA/armeabi-v7a:armeabi;]",
        "datr_cookie": "NkFo********************"
      }
    },
    {
      "event": "Password Change",
      "session": {
        "created_timestamp": 1667956159,
        "ip_address": "154.189.24.151",
        "user_agent": "Dalvik/2.1.0 (Linux; U; Android 8.1.0; CPH1909 Build/O11019) [FBAN/FB4A;FBAV/391.1.0.37.104;FBPN/com.facebook.katana;FBLC/ar_EG;FBBV/415435236;FBCR/Orange EG;FBMF/OPPO;FBBD/OPPO;FBDV/CPH1909;FBSV/8.1.0;FBCA/armeabi-v7a:armeabi;FBDM/{density=2.0,width=720,height=1424};FB_FW/1;FBRV/0;]",
        "datr_cookie": ""
      },
      "extra_info": {
        "old_name": "",
        "new_name": "",
        "old_number": "",
        "old_vanity": "",
        "new_vanity": "",
        "old_email": "",
        "new_email": "+201553104043",
        "new_number": ""
      }
    },
    {
      "event": "Password Change",
      "session": {
        "created_timestamp": 1667955908,
        "ip_address": "154.131.56.13",
        "user_agent": "Dalvik/2.1.0 (Linux; U; Android 8.1.0; CPH1909 Build/O11019) [FBAN/FB4A;FBAV/391.1.0.37.104;FBPN/com.facebook.katana;FBLC/ar_EG;FBBV/415435236;FBCR/Orange EG;FBMF/OPPO;FBBD/OPPO;FBDV/CPH1909;FBSV/8.1.0;FBCA/armeabi-v7a:armeabi;FBDM/{density=2.0,width=720,height=1424};FB_FW/1;FBRV/0;]",
        "datr_cookie": ""
      },
      "extra_info": {
        "old_name": "",
        "new_name": "",
        "old_number": "",
        "old_vanity": "",
        "new_vanity": "",
        "old_email": "",
        "new_email": "+201553104043",
        "new_number": ""
      }
    },
    {
      "event": "Password Change",
      "session": {
        "created_timestamp": 1667862194,
        "ip_address": "154.184.255.58",
        "user_agent": "SupportsFresco=1 modular=3 Dalvik/2.1.0 (Linux; U; Android 8.1.0; CPH1909 Build/O11019) [FBAN/EMA;FBBV/415031294;FBAV/326.0.0.17.97;FBDV/CPH1909;FBLC/ar_AR;FBNG/4G;FBMNT/METERED;FBDM/{density=2.0}]",
        "datr_cookie": ""
      },
      "extra_info": {
        "old_name": "",
        "new_name": "",
        "old_number": "",
        "old_vanity": "",
        "new_vanity": "",
        "old_email": "",
        "new_email": "+201553104043",
        "new_number": ""
      }
    },
    {
      "event": "Remove Phone Number",
      "session": {
        "created_timestamp": 1667860866,
        "ip_address": "154.184.255.58",
        "user_agent": "[FBAN/FB4A;FBAV/391.1.0.37.104;FBBV/415435236;FBDM/{density=2.0,width=720,height=1424};FBLC/ar_AR;FBRV/0;FBCR/we;FBMF/OPPO;FBBD/OPPO;FBPN/com.facebook.katana;FBDV/CPH1909;FBSV/8.1.0;FBOP/1;FBCA/armeabi-v7a:armeabi;]",
        "datr_cookie": "NkFo********************"
      },
      "extra_info": {
        "old_name": "",
        "new_name": "",
        "old_number": "+201553104043",
        "old_vanity": "",
        "new_vanity": "",
        "old_email": "",
        "new_email": "",
        "new_number": ""
      }
    },
    {
      "event": "Remove Phone Number",
      "session": {
        "created_timestamp": 1667614662,
        "ip_address": "154.136.75.186",
        "user_agent": "Mozilla/5.0 (Linux; Android 8.1.0; CPH1909 Build/O11019; wv) AppleWebKit/537.36 (KHTML, like Gecko) Version/4.0 Chrome/106.0.5249.126 Mobile Safari/537.36 [FBAN/EMA;FBLC/ar_AR;FBAV/325.0.1.4.108;FBDM/DisplayMetrics{density=2.0, width=720, height=1424, scaledDensity=2.0, xdpi=268.941, ydpi=269.986};]",
        "datr_cookie": "6nZk********************"
      },
      "extra_info": {
        "old_name": "",
        "new_name": "",
        "old_number": "+201286156560",
        "old_vanity": "",
        "new_vanity": "",
        "old_email": "",
        "new_email": "",
        "new_number": ""
      }
    },
    {
      "event": "Add Phone Number",
      "session": {
        "created_timestamp": 1667612912,
        "ip_address": "154.136.75.186",
        "user_agent": "Mozilla/5.0 (Linux; Android 8.1.0; CPH1909 Build/O11019; wv) AppleWebKit/537.36 (KHTML, like Gecko) Version/4.0 Chrome/106.0.5249.126 Mobile Safari/537.36 [FBAN/EMA;FBLC/ar_AR;FBAV/325.0.1.4.108;FBDM/DisplayMetrics{density=2.0, width=720, height=1424, scaledDensity=2.0, xdpi=268.941, ydpi=269.986};]",
        "datr_cookie": "6nZk********************"
      },
      "extra_info": {
        "old_name": "",
        "new_name": "",
        "old_number": "",
        "old_vanity": "",
        "new_vanity": "",
        "old_email": "",
        "new_email": "",
        "new_number": "+201553104043"
      }
    },
    {
      "event": "\u00d8\u00a7\u00d9\u0084\u00d9\u0085\u00d8\u00b5\u00d8\u00a7\u00d8\u00af\u00d9\u0082\u00d8\u00a9 \u00d8\u00a7\u00d9\u0084\u00d8\u00ab\u00d9\u0086\u00d8\u00a7\u00d8\u00a6\u00d9\u008a\u00d8\u00a9",
      "session": {
        "created_timestamp": 1667612884,
        "ip_address": "154.136.75.186",
        "user_agent": "Mozilla/5.0 (Linux; Android 8.1.0; CPH1909 Build/O11019; wv) AppleWebKit/537.36 (KHTML, like Gecko) Version/4.0 Chrome/106.0.5249.126 Mobile Safari/537.36 [FBAN/EMA;FBLC/ar_AR;FBAV/325.0.1.4.108;FBDM/DisplayMetrics{density=2.0, width=720, height=1424, scaledDensity=2.0, xdpi=268.941, ydpi=269.986};]",
        "datr_cookie": "6nZk********************"
      }
    },
    {
      "event": "\u00d8\u00a7\u00d9\u0084\u00d9\u0085\u00d8\u00b5\u00d8\u00a7\u00d8\u00af\u00d9\u0082\u00d8\u00a9 \u00d8\u00a7\u00d9\u0084\u00d8\u00ab\u00d9\u0086\u00d8\u00a7\u00d8\u00a6\u00d9\u008a\u00d8\u00a9",
      "session": {
        "created_timestamp": 1667612884,
        "ip_address": "154.136.75.186",
        "user_agent": "Mozilla/5.0 (Linux; Android 8.1.0; CPH1909 Build/O11019; wv) AppleWebKit/537.36 (KHTML, like Gecko) Version/4.0 Chrome/106.0.5249.126 Mobile Safari/537.36 [FBAN/EMA;FBLC/ar_AR;FBAV/325.0.1.4.108;FBDM/DisplayMetrics{density=2.0, width=720, height=1424, scaledDensity=2.0, xdpi=268.941, ydpi=269.986};]",
        "datr_cookie": "6nZk********************"
      }
    },
    {
      "event": "\u00d8\u00a7\u00d9\u0084\u00d9\u0085\u00d8\u00b5\u00d8\u00a7\u00d8\u00af\u00d9\u0082\u00d8\u00a9 \u00d8\u00a7\u00d9\u0084\u00d8\u00ab\u00d9\u0086\u00d8\u00a7\u00d8\u00a6\u00d9\u008a\u00d8\u00a9",
      "session": {
        "created_timestamp": 1667612840,
        "ip_address": "154.136.75.186",
        "user_agent": "Mozilla/5.0 (Linux; Android 8.1.0; CPH1909 Build/O11019; wv) AppleWebKit/537.36 (KHTML, like Gecko) Version/4.0 Chrome/106.0.5249.126 Mobile Safari/537.36 [FBAN/EMA;FBLC/ar_AR;FBAV/325.0.1.4.108;FBDM/DisplayMetrics{density=2.0, width=720, height=1424, scaledDensity=2.0, xdpi=268.941, ydpi=269.986};]",
        "datr_cookie": "6nZk********************"
      }
    },
    {
      "event": "Password Change",
      "session": {
        "created_timestamp": 1667607602,
        "ip_address": "154.131.90.82",
        "user_agent": "SupportsFresco=1 modular=2 Dalvik/2.1.0 (Linux; U; Android 8.1.0; CPH1909 Build/O11019) [FBAN/EMA;FBBV/410071603;FBAV/325.0.1.4.108;FBDV/CPH1909;FBLC/ar_AR;FBNG/3G;FBMNT/METERED;FBDM/{density=2.0}]",
        "datr_cookie": ""
      },
      "extra_info": {
        "old_name": "",
        "new_name": "",
        "old_number": "",
        "old_vanity": "",
        "new_vanity": "",
        "old_email": "",
        "new_email": "+201286156560",
        "new_number": ""
      }
    },
    {
      "event": "Password Change",
      "session": {
        "created_timestamp": 1667603763,
        "ip_address": "197.151.178.126",
        "user_agent": "SupportsFresco=1 modular=2 Dalvik/2.1.0 (Linux; U; Android 8.1.0; CPH1909 Build/O11019) [FBAN/EMA;FBBV/410071603;FBAV/325.0.1.4.108;FBDV/CPH1909;FBLC/ar_AR;FBNG/3G;FBMNT/METERED;FBDM/{density=2.0}]",
        "datr_cookie": ""
      },
      "extra_info": {
        "old_name": "",
        "new_name": "",
        "old_number": "",
        "old_vanity": "",
        "new_vanity": "",
        "old_email": "",
        "new_email": "+201286156560",
        "new_number": ""
      }
    },
    {
      "event": "Password Change",
      "session": {
        "created_timestamp": 1667588225,
        "ip_address": "156.210.194.6",
        "user_agent": "Mozilla/5.0 (Windows NT 10.0; Win64; x64) AppleWebKit/537.36 (KHTML, like Gecko) Chrome/107.0.0.0 Safari/537.36",
        "datr_cookie": "0F9l********************"
      },
      "extra_info": {
        "old_name": "",
        "new_name": "",
        "old_number": "",
        "old_vanity": "",
        "new_vanity": "",
        "old_email": "",
        "new_email": "+201286156560",
        "new_number": ""
      }
    },
    {
      "event": "Password Change",
      "session": {
        "created_timestamp": 1667441959,
        "ip_address": "154.188.188.199",
        "user_agent": "Mozilla/5.0 (Linux; Android 8.1.0; CPH1909 Build/O11019) AppleWebKit/537.36 (KHTML, like Gecko) Version/4.0 Chrome/106.0.5249.126 Mobile Safari/537.36",
        "datr_cookie": "Uuo7********************"
      },
      "extra_info": {
        "old_name": "",
        "new_name": "",
        "old_number": "",
        "old_vanity": "",
        "new_vanity": "",
        "old_email": "",
        "new_email": "+201286156560",
        "new_number": ""
      }
    },
    {
      "event": "Password Change",
      "session": {
        "created_timestamp": 1667417762,
        "ip_address": "154.185.234.36",
        "user_agent": "Dalvik/2.1.0 (Linux; U; Android 8.1.0; CPH1909 Build/O11019) [FBAN/FB4A;FBAV/390.0.0.27.105;FBPN/com.facebook.katana;FBLC/ar_EG;FBBV/412137048;FBCR/we;FBMF/OPPO;FBBD/OPPO;FBDV/CPH1909;FBSV/8.1.0;FBCA/armeabi-v7a:armeabi;FBDM/{density=2.0,width=720,height=1424};FB_FW/1;FBRV/0;]",
        "datr_cookie": ""
      },
      "extra_info": {
        "old_name": "",
        "new_name": "",
        "old_number": "",
        "old_vanity": "",
        "new_vanity": "",
        "old_email": "",
        "new_email": "+201286156560",
        "new_number": ""
      }
    },
    {
      "event": "Password Change",
      "session": {
        "created_timestamp": 1667417504,
        "ip_address": "154.185.234.36",
        "user_agent": "Dalvik/2.1.0 (Linux; U; Android 8.1.0; CPH1909 Build/O11019) [FBAN/FB4A;FBAV/390.0.0.27.105;FBPN/com.facebook.katana;FBLC/ar_EG;FBBV/412137048;FBCR/we;FBMF/OPPO;FBBD/OPPO;FBDV/CPH1909;FBSV/8.1.0;FBCA/armeabi-v7a:armeabi;FBDM/{density=2.0,width=720,height=1424};FB_FW/1;FBRV/0;]",
        "datr_cookie": ""
      },
      "extra_info": {
        "old_name": "",
        "new_name": "",
        "old_number": "",
        "old_vanity": "",
        "new_vanity": "",
        "old_email": "",
        "new_email": "+201286156560",
        "new_number": ""
      }
    },
    {
      "event": "Checkpoint completed",
      "session": {
        "created_timestamp": 1667417250,
        "ip_address": "154.185.234.36",
        "user_agent": "Mozilla/5.0 (Linux; Android 8.1.0; CPH1909) AppleWebKit/537.36 (KHTML, like Gecko) Chrome/106.0.0.0 Mobile Safari/537.36",
        "datr_cookie": "dC0e********************"
      }
    },
    {
      "event": "Checkpoint completed",
      "session": {
        "created_timestamp": 1667417246,
        "ip_address": "154.185.234.36",
        "user_agent": "Mozilla/5.0 (Linux; Android 8.1.0; CPH1909) AppleWebKit/537.36 (KHTML, like Gecko) Chrome/106.0.0.0 Mobile Safari/537.36",
        "datr_cookie": "dC0e********************"
      }
    },
    {
      "event": "Add Phone Number",
      "session": {
        "created_timestamp": 1667417245,
        "ip_address": "154.185.234.36",
        "user_agent": "Mozilla/5.0 (Linux; Android 8.1.0; CPH1909) AppleWebKit/537.36 (KHTML, like Gecko) Chrome/106.0.0.0 Mobile Safari/537.36",
        "datr_cookie": "dC0e********************"
      },
      "extra_info": {
        "old_name": "",
        "new_name": "",
        "old_number": "",
        "old_vanity": "",
        "new_vanity": "",
        "old_email": "",
        "new_email": "",
        "new_number": "+201286156560"
      }
    },
    {
      "event": "Email change",
      "session": {
        "created_timestamp": 1667417193,
        "ip_address": "154.185.234.36",
        "user_agent": "Mozilla/5.0 (Linux; Android 8.1.0; CPH1909) AppleWebKit/537.36 (KHTML, like Gecko) Chrome/106.0.0.0 Mobile Safari/537.36",
        "datr_cookie": "dC0e********************"
      },
      "extra_info": {
        "old_name": "",
        "new_name": "",
        "old_number": "",
        "old_vanity": "",
        "new_vanity": "",
        "old_email": "",
        "new_email": "+201286156560",
        "new_number": ""
      }
    },
    {
      "event": "Email change",
      "session": {
        "created_timestamp": 1667416987,
        "ip_address": "154.189.87.228",
        "user_agent": "Mozilla/5.0 (Linux; Android 8.1.0; CPH1909) AppleWebKit/537.36 (KHTML, like Gecko) Chrome/106.0.0.0 Mobile Safari/537.36",
        "datr_cookie": "dC0e********************"
      },
      "extra_info": {
        "old_name": "",
        "new_name": "",
        "old_number": "",
        "old_vanity": "",
        "new_vanity": "",
        "old_email": "",
        "new_email": "+201286156560",
        "new_number": ""
      }
    },
    {
      "event": "Checkpoint",
      "session": {
        "created_timestamp": 1667416935,
        "ip_address": "154.189.87.228",
        "user_agent": "Mozilla/5.0 (Linux; Android 8.1.0; CPH1909) AppleWebKit/537.36 (KHTML, like Gecko) Chrome/106.0.0.0 Mobile Safari/537.36",
        "datr_cookie": "dC0e********************"
      }
    },
    {
      "event": "Email change",
      "session": {
        "created_timestamp": 1667416862,
        "ip_address": "154.189.87.228",
        "user_agent": "Mozilla/5.0 (Linux; Android 8.1.0; CPH1909) AppleWebKit/537.36 (KHTML, like Gecko) Chrome/106.0.0.0 Mobile Safari/537.36",
        "datr_cookie": "dC0e********************"
      },
      "extra_info": {
        "old_name": "",
        "new_name": "",
        "old_number": "",
        "old_vanity": "",
        "new_vanity": "",
        "old_email": "",
        "new_email": "+201286156560",
        "new_number": ""
      }
    },
    {
      "event": "Email change",
      "session": {
        "created_timestamp": 1667416847,
        "ip_address": "154.189.87.228",
        "user_agent": "Mozilla/5.0 (Linux; Android 8.1.0; CPH1909) AppleWebKit/537.36 (KHTML, like Gecko) Chrome/106.0.0.0 Mobile Safari/537.36",
        "datr_cookie": "dC0e********************"
      },
      "extra_info": {
        "old_name": "",
        "new_name": "",
        "old_number": "",
        "old_vanity": "",
        "new_vanity": "",
        "old_email": "",
        "new_email": "marwanmahmood25@gmail.com",
        "new_number": ""
      }
    },
    {
      "event": "Email change",
      "session": {
        "created_timestamp": 1667416829,
        "ip_address": "154.189.87.228",
        "user_agent": "Mozilla/5.0 (Linux; Android 8.1.0; CPH1909) AppleWebKit/537.36 (KHTML, like Gecko) Chrome/106.0.0.0 Mobile Safari/537.36",
        "datr_cookie": "dC0e********************"
      },
      "extra_info": {
        "old_name": "",
        "new_name": "",
        "old_number": "",
        "old_vanity": "",
        "new_vanity": "",
        "old_email": "",
        "new_email": "marwanmahmood25@gmail.com",
        "new_number": ""
      }
    },
    {
      "event": "Email change",
      "session": {
        "created_timestamp": 1667416749,
        "ip_address": "154.189.87.228",
        "user_agent": "Mozilla/5.0 (Linux; Android 8.1.0; CPH1909) AppleWebKit/537.36 (KHTML, like Gecko) Chrome/106.0.0.0 Mobile Safari/537.36",
        "datr_cookie": "dC0e********************"
      },
      "extra_info": {
        "old_name": "",
        "new_name": "",
        "old_number": "",
        "old_vanity": "",
        "new_vanity": "",
        "old_email": "",
        "new_email": "+201286156560",
        "new_number": ""
      }
    },
    {
      "event": "Checkpoint",
      "session": {
        "created_timestamp": 1667416572,
        "ip_address": "154.189.87.228",
        "user_agent": "Mozilla/5.0 (Linux; Android 8.1.0; CPH1909) AppleWebKit/537.36 (KHTML, like Gecko) Chrome/106.0.0.0 Mobile Safari/537.36",
        "datr_cookie": "dC0e********************"
      }
    }
  ]
}