{
  "active_sessions_v2": [
    {
      "name": "\u00e2\u0080\u008f\u00e2\u0080\u008eChrome\u00e2\u0080\u008e\u00e2\u0080\u008f \u00d8\u00b9\u00d9\u0084\u00d9\u0089 \u00e2\u0080\u008f\u00e2\u0080\u008eOPPO A5s\u00e2\u0080\u008e\u00e2\u0080\u008f",
      "created_timestamp": 1670229071,
      "ip_address": "154.188.195.112",
      "user_agent": "Mozilla/5.0 (Linux; Android 8.1.0; CPH1909) AppleWebKit/537.36 (KHTML, like Gecko) Chrome/107.0.0.0 Mobile Safari/537.36",
      "datr_cookie": "6Vt0********************",
      "device": "Android",
      "location": "Tanta, Egypt",
      "app": "Chrome",
      "session_type": "mobile_web"
    },
    {
      "name": "\u00e2\u0080\u008f\u00e2\u0080\u008eChrome\u00e2\u0080\u008e\u00e2\u0080\u008f \u00d8\u00b9\u00d9\u0084\u00d9\u0089 \u00e2\u0080\u008f\u00e2\u0080\u008eOPPO A5s\u00e2\u0080\u008e\u00e2\u0080\u008f",
      "created_timestamp": 1670208542,
      "ip_address": "154.188.195.112",
      "user_agent": "Dalvik/2.1.0 (Linux; U; Android 8.1.0; CPH1909 Build/O11019) [FBAN/Orca-Android;FBAV/388.0.0.23.106;FBPN/com.facebook.orca;FBLC/ar_EG;FBBV/423808843;FBCR/we;FBMF/OPPO;FBBD/OPPO;FBDV/CPH1909;FBSV/8.1.0;FBCA/armeabi-v7a:armeabi;FBDM/{density=2.0,width=720,height=1424};FB_FW/1;]",
      "datr_cookie": "Iuh-********************",
      "device": "OPPO A5s",
      "location": "Tanta, Egypt",
      "app": "Messenger",
      "session_type": "messenger"
    },
    {
      "name": "\u00e2\u0080\u008f\u00e2\u0080\u008eFacebook for Android\u00e2\u0080\u008e\u00e2\u0080\u008f \u00d8\u00b9\u00d9\u0084\u00d9\u0089 \u00e2\u0080\u008f\u00e2\u0080\u008eOPPO A5s\u00e2\u0080\u008e",
      "created_timestamp": 1670208524,
      "ip_address": "154.188.195.112",
      "user_agent": "Dalvik/2.1.0 (Linux; U; Android 8.1.0; CPH1909 Build/O11019) [FBAN/FB4A;FBAV/394.1.0.51.107;FBPN/com.facebook.katana;FBLC/ar_EG;FBBV/424666114;FBCR/we;FBMF/OPPO;FBBD/OPPO;FBDV/CPH1909;FBSV/8.1.0;FBCA/armeabi-v7a:armeabi;FBDM/{density=2.0,width=720,height=1424};FB_FW/1;FBRV/0;]",
      "datr_cookie": "NkFo********************",
      "device": "OPPO A5s",
      "location": "Tanta, Egypt",
      "app": "\u00d8\u00aa\u00d8\u00b7\u00d8\u00a8\u00d9\u008a\u00d9\u0082 \u00d9\u0081\u00d9\u008a\u00d8\u00b3\u00d8\u00a8\u00d9\u0088\u00d9\u0083",
      "session_type": "fb4a"
    }
  ]
}